id,kind,primary_name,name_agreement,county_fips,county_names,states,address,address_agreement,address_n_sources,adpLevelA,adpLevelA_agreement,adpLevelA_n_sources,adpLevelB,adpLevelB_agreement,adpLevelB_n_sources,adpLevelC,adpLevelC_agreement,adpLevelC_n_sources,adpLevelD,adpLevelD_agreement,adpLevelD_n_sources,adpTotal,adpTotal_agreement,adpTotal_n_sources,agreement,agreement_agreement,agreement_n_sources,authorizingAuthority,authorizingAuthority_agreement,authorizingAuthority_n_sources,avgLengthOfStayDays,avgLengthOfStayDays_agreement,avgLengthOfStayDays_n_sources,capacity,capacity_agreement,capacity_n_sources,circuit,circuit_agreement,circuit_n_sources,county,county_agreement,county_n_sources,docket,docket_agreement,docket_n_sources,facilityFunction,facilityFunction_agreement,facilityFunction_n_sources,femaleCrim,femaleCrim_agreement,femaleCrim_n_sources,femaleNonCrim,femaleNonCrim_agreement,femaleNonCrim_n_sources,fieldOffice,fieldOffice_agreement,fieldOffice_n_sources,firstUsed,firstUsed_agreement,firstUsed_n_sources,genderServed,genderServed_agreement,genderServed_n_sources,guaranteedMinimumBeds,guaranteedMinimumBeds_agreement,guaranteedMinimumBeds_n_sources,holdsOver72h,holdsOver72h_agreement,holdsOver72h_n_sources,iceThreatLevel1,iceThreatLevel1_agreement,iceThreatLevel1_n_sources,iceThreatLevel2,iceThreatLevel2_agreement,iceThreatLevel2_n_sources,iceThreatLevel3,iceThreatLevel3_agreement,iceThreatLevel3_n_sources,immigrationCourt,immigrationCourt_agreement,immigrationCourt_n_sources,lastFinalRating,lastFinalRating_agreement,lastFinalRating_n_sources,lastInspectionEndDate,lastInspectionEndDate_agreement,lastInspectionEndDate_n_sources,lastInspectionStandard,lastInspectionStandard_agreement,lastInspectionStandard_n_sources,lastInspectionType,lastInspectionType_agreement,lastInspectionType_n_sources,lastUsed,lastUsed_agreement,lastUsed_n_sources,maleCrim,maleCrim_agreement,maleCrim_n_sources,maleNonCrim,maleNonCrim_agreement,maleNonCrim_n_sources,mandatory,mandatory_agreement,mandatory_n_sources,noIceThreatLevel,noIceThreatLevel_agreement,noIceThreatLevel_n_sources,phone,phone_agreement,phone_n_sources,underDetentionStandards,underDetentionStandards_agreement,underDetentionStandards_n_sources
ABTHOLD,detention,ABILENE HOLD ROOM,single,48059|48253|48417|48441,"Taylor County, TX|Jones County, TX|Callahan County, TX|Shackelford County, TX",TX,"12071 FM 3522, ABILENE, TX 79601",single,1,,,,,,,,,,,,,,,,Other,single,1,DMCP,single,1,,,,,,,5,single,1,ABILENE,single,1,ABT,single,1,HOLD,single,1,,,,,,,DAL,single,1,,,,,,,,,,no,single,1,,,,,,,,,,,,,,,,,,,,,,,,,,,,,,,,,,,,,,,,,,,yes,single,1
AMTHOLD,detention,AMARILLO HOLD ROOM,single,48375|48381,"Potter County, TX|Randall County, TX",TX,"8601 E. AMARILLO BLVD, AMARILLO, TX 79801",single,1,,,,,,,,,,,,,,,,Other,single,1,DMCP,single,1,,,,,,,5,single,1,POTTER,single,1,AMT,single,1,HOLD,single,1,,,,,,,DAL,single,1,3/21/2013,single,1,,,,,,,no,single,1,,,,,,,,,,,,,,,,,,,,,,,,,5/7/2017,single,1,,,,,,,,,,,,,,,,yes,single,1
ANGELTX,detention,ANGELINA COUNTY JAIL,single,48005,"Angelina County, TX",TX,"C.S.C. LUFKIN C.F.113 N. SECOND ST., LUFKIN, TX 75901",single,1,,,,,,,,,,,,,,,,IGSA,single,1,DMCP,single,1,,,,,,,5,single,1,ANGELINA,single,1,HOU,single,1,,,,,,,,,,HOU,single,1,3/31/2004,single,1,,,,,,,yes,single,1,,,,,,,,,,,,,,,,,,,,,,,,,11/7/2004,single,1,,,,,,,,,,,,,,,,yes,single,1
ATASCTX,detention,ATASCOSA COUNTY JAIL,single,48013|48311,"Atascosa County, TX|McMullen County, TX",TX,"C/O JAIL ADMINISTRATOR, JOURDANTON, TX 78026",single,1,,,,,,,,,,,,,,,,IGSA,single,1,DMCP,single,1,,,,,,,5,single,1,ATASCOSA,single,1,SNA,single,1,,,,,,,,,,SNA,single,1,2/21/1997,single,1,,,,,,,,,,,,,,,,,,,,,,,,,,,,,,,,,,2/1/2007,single,1,,,,,,,,,,,,,,,,yes,single,1
ATTHOLD,detention,ATHENS TX HOLD ROOM,single,48001|48213,"Henderson County, TX|Anderson County, TX",TX,"109 W CORSICANA STREET, ATHENS, TX 75751",single,1,,,,,,,,,,,,,,,,Other,single,1,DMCP,single,1,,,,,,,5,single,1,HENDERSON,single,1,,,,HOLD,single,1,,,,,,,DAL,single,1,,,,,,,,,,no,single,1,,,,,,,,,,,,,,,,,,,,,,,,,,,,,,,,,,,,,,,,,,,yes,single,1
AUSHOLD,detention,AUSTIN DRO HOLD ROOM,single,48453,"Travis County, TX",TX,"300 EAST 8TH STREET, AUSTIN, TX 78701",single,1,,,,,,,,,,,,,,,,Other,single,1,DMCP,single,1,,,,,,,5,single,1,TRAVIS,single,1,AUS,single,1,HOLD,single,1,,,,,,,SNA,single,1,6/25/2010,single,1,,,,,,,no,single,1,,,,,,,,,,,,,,,,,,,,,,,,,8/1/2017,single,1,,,,,,,,,,,,,,,,yes,single,1
BASCOTX,detention,BASTROP COUNTY JAIL,single,48021,"Bastrop County, TX",TX,"C/O JAIL ADMINISTRATOR, BASTROP, TX 78602",single,1,,,,,,,,,,,,,,,,IGSA,single,1,DMCP,single,1,,,,,,,5,single,1,BASTROP,single,1,SNA,single,1,,,,,,,,,,SNA,single,1,12/27/1990,single,1,,,,,,,no,single,1,,,,,,,,,,,,,,,,,,,,,,,,,9/18/2007,single,1,,,,,,,,,,,,,,,,yes,single,1
BEDCITX,detention,BEDFORD MUNICIPAL DETENTION CENTER,single,48439,"Tarrant County, TX",TX,"2121 L DON DODSON DRIVE, BEDFORD, TX 76021",single,1,,,,,,,,,,,,,,,,IGSA,single,1,DMCP,single,1,,,,,,,5,single,1,TARRANT,single,1,DAL,single,1,,,,,,,,,,DAL,single,1,7/6/1999,single,1,,,,,,,no,single,1,,,,,,,,,,,,,,,,,,,,,,,,,11/4/2017,single,1,,,,,,,,,,,,,,,,yes,single,1
BELCOTX,detention,BELL COUNTY JAIL,single,48027,"Bell County, TX",TX,"111 W. CENTRAL, BELTON, TX 76513",single,1,,,,,,,,,,,,,,,,IGSA,single,1,DMCP,single,1,,,,,,,5,single,1,BELL,single,1,SNA,single,1,,,,,,,,,,SNA,single,1,5/22/1998,single,1,,,,,,,,,,,,,,,,,,,,,,,,,,,,,,,,,,9/24/2007,single,1,,,,,,,,,,,,,,,,yes,single,1
BELJUTX,detention,BELL COUNTY JUVENILE,single,48027,"Bell County, TX",TX,"4800 EAST RANCIER, KILLEEN, TX 76543",single,1,,,,,,,,,,,,,,,,IGSA,single,1,JFRMU,single,1,,,,,,,5,single,1,BELL,single,1,SNA,single,1,JUVENILE,single,1,,,,,,,SNA,single,1,1/21/1999,single,1,,,,,,,,,,,,,,,,,,,,,,,,,,,,,,,,,,2/19/2007,single,1,,,,,,,,,,,,,,,,no,single,1
BEXARTX,detention,BEXAR COUNTY JAIL,single,48029,"Bexar County, TX",TX,"C/O JAIL ADMINISTRATOR, SAN ANTONIO, TX 78207",single,1,,,,,,,,,,,,,,,,USMS IGA,single,1,DMCP,single,1,,,,,,,5,single,1,BEXAR,single,1,SNA,single,1,,,,,,,,,,SNA,single,1,10/22/1983,single,1,,,,,,,,,,,,,,,,,,,San Antonio Immigration Court (co-located — same ZIP),single,1,,,,,,,,,,,,,10/22/2007,single,1,,,,,,,,,,,,,,,,yes,single,1
BEXJUTX,detention,BEXAR COUNTY JUVENILE,single,48041,"Brazos County, TX",TX,"600 MISSION ROAD, SAN ANTONIO, TX 77803",single,1,,,,,,,,,,,,,,,,IGSA,single,1,JFRMU,single,1,,,,,,,5,single,1,BRAZOS,single,1,SNA,single,1,JUVENILE,single,1,,,,,,,SNA,single,1,2/2/1999,single,1,,,,,,,,,,,,,,,,,,,,,,,,,,,,,,,,,,3/30/2007,single,1,,,,,,,,,,,,,,,,no,single,1
BFGHITX,detention,BYRD'S FOSTER GROUP HOME INC,single,48201,"Harris County, TX",TX,"5708 HARDY ST, HOUSTON, TX 77009",single,1,,,,,,,,,,,,,,,,IGSA,single,1,JFRMU,single,1,,,,,,,5,single,1,HARRIS,single,1,,,,JUVENILE,single,1,,,,,,,HOU,single,1,2/17/2016,single,1,,,,,,,no,single,1,,,,,,,,,,,,,,,,,,,,,,,,,2/17/2016,single,1,,,,,,,,,,,,,,,,no,single,1
biweekly-dilley-immigration-processing-center,detention,DILLEY IMMIGRATION PROCESSING CENTER,single,48163|48283,"Frio County, TX|La Salle County, TX",TX,"300 EL RANCHO WAY, DILLEY, TX 78017",single,1,550.7,single,1,13.8,single,1,1.9,single,1,0.5,single,1,566.9,single,1,FAMILY,single,1,,,,32,single,1,,,,,,,,,,,,,,,,3.6,single,1,353.9,single,1,SNA,single,1,,,,Female/Male,single,1,2000,single,1,,,,0.8,single,1,1.7,single,1,5.9,single,1,,,,Pass,single,1,Scheduled FY26,single,1,FRS,single,1,ODO,single,1,,,,1.9,single,1,207.5,single,1,299.2,single,1,558.4,single,1,,,,,,
biweekly-dilley-processing-single-adult-female,detention,DILLEY PROCESSING SINGLE ADULT FEMALE,single,48163|48283,"Frio County, TX|La Salle County, TX",TX,"300 EL RANCHO WAY, DILLEY, TX 78017",single,1,189,single,1,33.2,single,1,0.5,single,1,0,single,1,222.7,single,1,DIGSA,single,1,,,,67.8,single,1,,,,,,,,,,,,,,,,5.1,single,1,217.5,single,1,SNA,single,1,,,,Female,single,1,400,single,1,,,,1.6,single,1,4.3,single,1,6.4,single,1,,,,,,,Scheduled FY26,single,1,,,,,,,,,,0,single,1,0,single,1,74.9,single,1,210.4,single,1,,,,,,
biweekly-webb-county-detention-center-cca,detention,WEBB COUNTY DETENTION CENTER (CCA),single,48479,"Webb County, TX",TX,"9998 SOUTH HIGHWAY 83, LAREDO, TX 78041",single,1,311,single,1,18.9,single,1,40.6,single,1,51.4,single,1,421.9,single,1,DIGSA,single,1,,,,64.5,single,1,,,,,,,,,,,,,,,,1.5,single,1,5,single,1,HLG,single,1,,,,Female/Male,single,1,250,single,1,,,,23.2,single,1,16.1,single,1,27,single,1,,,,Pass,single,1,2026-02-05,single,1,PBNDS 2011 - 2016 Revisions,single,1,ODO,single,1,,,,48.6,single,1,366.8,single,1,265.6,single,1,355.6,single,1,,,,,,
BLANCTX,detention,BLANCO COUNTY JAIL,single,48031|48209,"Blanco County, TX|Hays County, TX",TX,"C/O COUNTY SHERIFF, JOHNSON CITY, TX 78636",single,1,,,,,,,,,,,,,,,,IGSA,single,1,DMCP,single,1,,,,,,,5,single,1,BLANCO,single,1,SNA,single,1,,,,,,,,,,SNA,single,1,5/16/2006,single,1,,,,,,,,,,,,,,,,,,,,,,,,,,,,,,,,,,6/24/2007,single,1,,,,,,,,,,,,,,,,yes,single,1
BLBNATX,detention,BLUEBONNET DETENTION FACILITY,conflict,48253,"Jones County, TX",TX,"400 2ND STREET, ANSON, TX 79501",converged,3,592.1,single,1,120.6,single,1,195.2,single,1,103.4,single,1,1011.3,single,1,DIGSA,conflict,2,,,,19.4,single,1,,,,5,single,1,Jones,single,1,,,,,,,7.4,single,1,137.6,single,1,DAL,converged,3,,,,Female/Male,single,1,750,converged,2,no,single,1,121.6,single,1,82.6,single,1,112,single,1,,,,Pass,single,1,2024-12-12,single,1,PBNDS 2011 - 2016 Revisions,single,1,ODO,single,1,,,,216.8,single,1,649.5,single,1,597.4,single,1,695.1,single,1,(325) 823-8031,single,1,,,
BOEHOLD,detention,EL PASO BOEING DR HOLDROOM,single,48141,"El Paso County, TX",TX,"6451 BOEING DRIVE, EL PASO, TX 79925",single,1,,,,,,,,,,,,,,,,Other,single,1,DMCP,single,1,,,,,,,5,single,1,EL PASO,single,1,EPC,single,1,HOLD,single,1,,,,,,,ELP,single,1,7/10/2014,single,1,,,,,,,no,single,1,,,,,,,,,,El Paso SPC Immigration Court (co-located — same ZIP),single,1,,,,,,,,,,,,,7/3/2017,single,1,,,,,,,,,,,,,,,,yes,single,1
BOPBAS,detention,BASTROP FEDERAL CORRECTIONAL INSTITUTE,single,48021,"Bastrop County, TX",TX,"P.O. BOX 730, BASTROP, TX 78602",single,1,,,,,,,,,,,,,,,,BOP,single,1,BOP,single,1,,,,,,,5,single,1,BASTROP,single,1,SNA,single,1,,,,,,,,,,SNA,single,1,5/19/1983,single,1,,,,,,,,,,,,,,,,,,,,,,,,,,,,,,,,,,8/9/2007,single,1,,,,,,,,,,,,,,,,no,single,1
BOPBIG,detention,BIG SPRING FEDERAL CORRECTIONAL INSTITUTE,single,48173|48227|48317,"Howard County, TX|Glasscock County, TX|Martin County, TX",TX,"1900 SIMLER, BIG SPRING, TX 79720",single,1,,,,,,,,,,,,,,,,BOP,single,1,BOP,single,1,,,,,,,5,single,1,HOWARD,single,1,DAL,single,1,,,,,,,,,,DAL,single,1,5/6/1996,single,1,,,,,,,,,,,,,,,,,,,,,,,,,,,,,,,,,,3/25/2007,single,1,,,,,,,,,,,,,,,,no,single,1
BOPBMA,detention,BEAUMONT FEDERAL CORRECTIONAL INSTITUTE,single,48245,"Jefferson County, TX",TX,"P.O. BOX 26015, BEAUMONT, TX 77720",single,1,,,,,,,,,,,,,,,,BOP,single,1,BOP,single,1,,,,,,,5,single,1,JEFFERSON,single,1,HOU,single,1,,,,,,,,,,HOU,single,1,3/5/1999,single,1,,,,,,,,,,,,,,,,,,,,,,,,,,,,,,,,,,7/22/2004,single,1,,,,,,,,,,,,,,,,no,single,1
BOPBML,detention,BEAUMONT LOW SECURITY FEDERAL CORRECTIONAL CENTER,single,48245,"Jefferson County, TX",TX,"4550 HEBERT RD. PO BOX 26025, BEAUMONT, TX 77720",single,1,,,,,,,,,,,,,,,,BOP,single,1,BOP,single,1,,,,,,,5,single,1,JEFFERSON,single,1,HOU,single,1,,,,,,,,,,HOU,single,1,10/21/1999,single,1,,,,,,,,,,,,,,,,,,,,,,,,,,,,,,,,,,10/16/2005,single,1,,,,,,,,,,,,,,,,no,single,1
BOPBMM,detention,BEAUMONT MEDIUM SECURITY FEDERAL CORRECTIONAL CENT,single,48245,"Jefferson County, TX",TX,"4550 HEBERT RD. PO BOX 26045, BEAUMONT, TX 77720",single,1,,,,,,,,,,,,,,,,BOP,single,1,BOP,single,1,,,,,,,5,single,1,JEFFERSON,single,1,HOU,single,1,,,,,,,,,,HOU,single,1,11/6/1997,single,1,,,,,,,,,,,,,,,,,,,,,,,,,,,,,,,,,,1/16/2006,single,1,,,,,,,,,,,,,,,,no,single,1
BOPBMP,detention,BEAUMONT FEDERAL,single,48245,"Jefferson County, TX",TX,"4550 HEBERT RD. PO BOX 26035, BEAUMONT, TX 77720",single,1,,,,,,,,,,,,,,,,BOP,single,1,BOP,single,1,,,,,,,5,single,1,JEFFERSON,single,1,HOU,single,1,,,,,,,,,,HOU,single,1,1/24/1995,single,1,,,,,,,,,,,,,,,,,,,,,,,,,,,,,,,,,,3/13/2008,single,1,,,,,,,,,,,,,,,,no,single,1
BOPCRW,detention,CARSWELL FEDERAL MEDICAL CENTER,single,48439,"Tarrant County, TX",TX,"J STREET BUIDING 300, FORT WORTH, TX 76127",single,1,,,,,,,,,,,,,,,,BOP,single,1,BOP,single,1,,,,,,,5,single,1,TARRANT,single,1,DAL,single,1,,,,,,,,,,DAL,single,1,5/9/1998,single,1,,,,,,,,,,,,,,,,,,,,,,,,,,,,,,,,,,1/18/2006,single,1,,,,,,,,,,,,,,,,no,single,1
BOPDAL,detention,DALBY CORRECTIONAL INSTITUTE,single,48033|48107|48169|48305,"Garza County, TX|Lynn County, TX|Crosby County, TX|Borden County, TX",TX,"805 NORTH AVENUE F, POST, TX 79356",single,1,,,,,,,,,,,,,,,,BOP,single,1,BOP,single,1,,,,,,,5,single,1,GARZA,single,1,,,,,,,,,,,,,DAL,single,1,3/23/2017,single,1,,,,,,,,,,,,,,,,,,,,,,,,,,,,,,,,,,6/20/2017,single,1,,,,,,,,,,,,,,,,no,single,1
BOPFTW,detention,FORT WORTH FEDERAL MEDICAL CENTER,single,,,TX,"3150 HORTON RD, FT. WORTH, TX 76619",single,1,,,,,,,,,,,,,,,,BOP,single,1,BOP,single,1,,,,,,,5,single,1,TARRANT,single,1,DAL,single,1,,,,,,,,,,DAL,single,1,8/25/1989,single,1,,,,,,,,,,,,,,,,,,,,,,,,,,,,,,,,,,1/7/2005,single,1,,,,,,,,,,,,,,,,no,single,1
BOPLTL,detention,"LA TUNA FEDERAL SATTELITE, LOW",single,48141,"El Paso County, TX",TX,"Old Ironsides Drive, Building 11636, El Paso, TX 79906",single,1,,,,,,,,,,,,,,,,Other,single,1,,,,,,,,,,5,single,1,El Paso,single,1,,,,BOP,single,1,,,,,,,ELP,single,1,,,,,,,,,,no,single,1,,,,,,,,,,,,,,,,,,,,,,,,,,,,,,,,,,,,,,,,,,,,,
BOPSEA,detention,SEAGOVILLE FEDERAL CORRECTIONAL INSTITUTE,single,48113|48257,"Dallas County, TX|Kaufman County, TX",TX,"2113 N. HIGHWAY 75, SEAGOVILLE, TX 75159",single,1,,,,,,,,,,,,,,,,BOP,single,1,BOP,single,1,,,,,,,5,single,1,DALLAS,single,1,DAL,single,1,,,,,,,,,,DAL,single,1,2/13/1986,single,1,,,,,,,,,,,,,,,,,,,,,,,,,,,,,,,,,,6/2/2005,single,1,,,,,,,,,,,,,,,,no,single,1
BOPTEX,detention,TEXARKANA FEDERAL CORRECTIONAL INSTITUTE,single,48037,"Bowie County, TX",TX,"PO BOX 9500, TEXARKANA, TX 75505",single,1,,,,,,,,,,,,,,,,BOP,single,1,BOP,single,1,,,,,,,5,single,1,BOWIE,single,1,DAL,single,1,,,,,,,,,,DAL,single,1,10/22/1980,single,1,,,,,,,,,,,,,,,,,,,,,,,,,,,,,,,,,,7/11/2005,single,1,,,,,,,,,,,,,,,,no,single,1
BOPTRV,detention,THREE RIVERS FEDERAL CORRECTIONAL INSTITUTE,single,48025|48297,"Live Oak County, TX|Bee County, TX",TX,"P.O. BOX 4000, THREE RIVERS, TX 78071",single,1,,,,,,,,,,,,,,,,BOP,single,1,BOP,single,1,,,,,,,5,single,1,LIVE OAK,single,1,SNA,single,1,,,,,,,,,,SNA,single,1,2/21/1990,single,1,,,,,,,,,,,,,,,,,,,,,,,,,,,,,,,,,,3/8/2012,single,1,,,,,,,,,,,,,,,,no,single,1
BOWCOTX,detention,BOWIE COUNTY JAIL,single,48201,"Harris County, TX",TX,"100 N. STATE LINE, TEXARKANA, TX 77501",single,1,,,,,,,,,,,,,,,,IGSA,single,1,DMCP,single,1,,,,,,,5,single,1,HARRIS,single,1,DAL,single,1,,,,,,,,,,DAL,single,1,3/28/2007,single,1,,,,,,,yes,single,1,,,,,,,,,,,,,,,,,,,,,,,,,10/5/2008,single,1,,,,,,,,,,,,,,,,yes,single,1
BRAZITX,detention,BRAZORIA COUNTY DETENTION,single,48039,"Brazoria County, TX",TX,"3602 COUNTY ROAD 45, ANGELTON, TX 77515",single,1,,,,,,,,,,,,,,,,IGSA,single,1,DMCP,single,1,,,,,,,5,single,1,BRAZORIA,single,1,HOU,single,1,,,,,,,,,,HOU,single,1,6/5/1998,single,1,,,,,,,,,,,,,,,,,,,,,,,,,,,,,,,,,,3/24/2004,single,1,,,,,,,,,,,,,,,,yes,single,1
BRAZOTX,detention,BRAZOS COUNTY JAIL,single,48041,"Brazos County, TX",TX,"300 E 26TH ST # 105, BRYAN, TX 77801",single,1,,,,,,,,,,,,,,,,IGSA,single,1,DMCP,single,1,,,,,,,5,single,1,BRAZOS,single,1,SNA,single,1,,,,,,,,,,SNA,single,1,12/3/1998,single,1,,,,,,,no,single,1,,,,,,,,,,,,,,,,,,,,,,,,,1/21/2003,single,1,,,,,,,,,,,,,,,,yes,single,1
BREWSTX,detention,BREWSTER COUNTY JAIL,single,48043,"Brewster County, TX",TX,"307 WEST SUL ROSS AVENUE, ALPINE, TX 79830",single,1,,,,,,,,,,,,,,,,IGSA,single,1,DMCP,single,1,,,,,,,5,single,1,BREWSTER,single,1,EPC,single,1,,,,,,,,,,ELP,single,1,7/7/2008,single,1,,,,,,,no,single,1,,,,,,,,,,,,,,,,,,,,,,,,,7/7/2008,single,1,,,,,,,,,,,,,,,,yes,single,1
BRIJUTX,detention,THE BRIDGE (YOUTH ALTERNATIVE),single,48029,"Bexar County, TX",TX,"3103 WEST AVENUE, SAN ANTONIO, TX 78213",single,1,,,,,,,,,,,,,,,,IGSA,single,1,JFRMU,single,1,,,,,,,5,single,1,BEXAR,single,1,SNA,single,1,JUVENILE,single,1,,,,,,,SNA,single,1,1/19/1999,single,1,,,,,,,,,,,,,,,,,,,,,,,,,,,,,,,,,,9/14/2004,single,1,,,,,,,,,,,,,,,,no,single,1
BROKSTX,detention,BROOKS COUNTY DETENTION CENTER,single,48047|48249,"Brooks County, TX|Jim Wells County, TX",TX,"901 COUNTY ROAD 201, FALFURRIAS, TX 78355",single,1,,,,,,,,,,,,,,,,USMS IGA,single,1,DMCP,single,1,,,,200,single,1,5,single,1,BROOKS,single,1,PIC,single,1,,,,,,,,,,SNA,single,1,7/3/2005,single,1,,,,,,,yes,single,1,,,,,,,,,,,,,,,,,,,,,,,,,11/4/2017,single,1,,,,,,,,,,,,,,,,yes,single,1
BROOKTX,detention,BROOKS COUNTY JAIL (SHERIFF),single,48047|48249,"Brooks County, TX|Jim Wells County, TX",TX,"801 COUNTY ROAD 201, FALFURRIAS, TX 78355",single,1,,,,,,,,,,,,,,,,IGSA,single,1,DMCP,single,1,,,,,,,5,single,1,BROOKS,single,1,PIC,single,1,,,,,,,,,,SNA,single,1,3/9/2006,single,1,,,,,,,yes,single,1,,,,,,,,,,,,,,,,,,,,,,,,,6/14/2007,single,1,,,,,,,,,,,,,,,,yes,single,1
BSCDRTX,detention,BSCC CEDAR HILL UNIT,single,48173|48227|48317,"Howard County, TX|Glasscock County, TX|Martin County, TX",TX,"3711 WRIGHT AVENUE, BIG SPRING, TX 79720",single,1,,,,,,,,,,,,,,,,BOP,single,1,BOP,single,1,,,,,,,5,single,1,HOWARD,single,1,DAL,single,1,,,,,,,,,,DAL,single,1,8/28/2006,single,1,,,,,,,,,,,,,,,,,,,,,,,,,,,,,,,,,,2/2/2011,single,1,,,,,,,,,,,,,,,,no,single,1
BSCHOLD,detention,BIG SPRING HOLD ROOM,single,48173|48227|48317,"Howard County, TX|Glasscock County, TX|Martin County, TX",TX,"1701 APRON DRIVE, BIG SPRING, TX 79720",single,1,,,,,,,,,,,,,,,,Other,single,1,DMCP,single,1,,,,,,,5,single,1,HOWARD,single,1,DAL,single,1,HOLD,single,1,,,,,,,DAL,single,1,3/8/2013,single,1,,,,,,,no,single,1,,,,,,,,,,,,,,,,,,,,,,,,,3/23/2017,single,1,,,,,,,,,,,,,,,,yes,single,1
BSCORTX,detention,BSCC AIRPARK UNIT,single,48173|48227|48317,"Howard County, TX|Glasscock County, TX|Martin County, TX",TX,"3700 WRIGHT AVENUE, BIG SPRING, TX 79720",single,1,,,,,,,,,,,,,,,,BOP,single,1,BOP,single,1,,,,,,,5,single,1,HOWARD,single,1,DAL,single,1,,,,,,,,,,DAL,single,1,4/11/1991,single,1,,,,,,,,,,,,,,,,,,,,,,,,,,,,,,,,,,12/11/2012,single,1,,,,,,,,,,,,,,,,no,single,1
BSFLTTX,detention,BSCC FLIGHTLINE UNIT,single,48173|48227|48317,"Howard County, TX|Glasscock County, TX|Martin County, TX",TX,"2001 RICKABAUGH DR, BIG SPRING, TX 79720",single,1,,,,,,,,,,,,,,,,BOP,single,1,BOP,single,1,,,,,,,5,single,1,HOWARD,single,1,DAL,single,1,,,,,,,,,,DAL,single,1,7/27/2006,single,1,,,,,,,,,,,,,,,,,,,,,,,,,,,,,,,,,,2/2/2011,single,1,,,,,,,,,,,,,,,,no,single,1
BSGDFTX,detention,BSCC GILES DARBY FACILITY,single,48033|48107|48169|48305,"Garza County, TX|Lynn County, TX|Crosby County, TX|Borden County, TX",TX,"805 N. AVENUE F, POST, TX 79356",single,1,,,,,,,,,,,,,,,,BOP,single,1,BOP,single,1,,,,,,,5,single,1,GARZA,single,1,DAL,single,1,,,,,,,,,,DAL,single,1,5/15/2006,single,1,,,,,,,,,,,,,,,,,,,,,,,,,,,,,,,,,,2/2/2011,single,1,,,,,,,,,,,,,,,,no,single,1
BSNTRTX,detention,BSCC INTERSTATE UNIT,single,48173|48227|48317,"Howard County, TX|Glasscock County, TX|Martin County, TX",TX,"1801 W. I-20, BIG SPRING, TX 79720",single,1,,,,,,,,,,,,,,,,BOP,single,1,BOP,single,1,,,,,,,5,single,1,HOWARD,single,1,DAL,single,1,,,,,,,,,,DAL,single,1,1/13/2004,single,1,,,,,,,,,,,,,,,,,,,,,,,,,,,,,,,,,,3/8/2007,single,1,,,,,,,,,,,,,,,,no,single,1
BURNETX,detention,BURNET COUNTY JAIL,single,48053|48299,"Burnet County, TX|Llano County, TX",TX,"JAIL ADMINISTRATOR, BURNET, TX 78611",single,1,,,,,,,,,,,,,,,,IGSA,single,1,DMCP,single,1,,,,,,,5,single,1,BURNET,single,1,AUS,single,1,,,,,,,,,,SNA,single,1,5/28/1998,single,1,,,,,,,no,single,1,,,,,,,,,,,,,,,,,,,,,,,,,11/4/2017,single,1,,,,,,,,,,,,,,,,yes,single,1
CALDWTX,detention,CALDWELL COUNTY JAIL,single,48055,"Caldwell County, TX",TX,"C/O SHERIFF, LOCKHART, TX 78644",single,1,,,,,,,,,,,,,,,,IGSA,single,1,DMCP,single,1,,,,,,,5,single,1,CALDWELL,single,1,SNA,single,1,,,,,,,,,,SNA,single,1,4/5/2004,single,1,,,,,,,,,,,,,,,,,,,,,,,,,,,,,,,,,,8/29/2007,single,1,,,,,,,,,,,,,,,,yes,single,1
CAMERTX,detention,CAMERON COUNTY JAIL,single,48061,"Cameron County, TX",TX,"954 E. HARRISON, BROWNSVILLE, TX 78520",single,1,,,,,,,,,,,,,,,,IGSA,single,1,DMCP,single,1,,,,,,,5,single,1,CAMERON,single,1,PIC,single,1,,,,,,,,,,SNA,single,1,2/13/1996,single,1,,,,,,,yes,single,1,,,,,,,,,,,,,,,,,,,,,,,,,3/14/2017,single,1,,,,,,,,,,,,,,,,yes,single,1
CBENDTX,detention,COASTAL BEND DETENTION FACILITY,conflict,48249|48355,"Nueces County, TX|Jim Wells County, TX",TX,"4909 FM 2826, ROBSTOWN, TX 78380",conflict,3,37.1,single,1,7,single,1,6.7,single,1,3.2,single,1,54,single,1,USMS IGA,converged,2,DMCP,single,1,6.2,single,1,700,single,1,5,single,1,NUECES,single,1,PIC,single,1,,,,1.6,single,1,9.5,single,1,HLG,conflict,3,6/9/2012,single,1,Female/Male,single,1,,,,yes,single,1,3.5,single,1,3.2,single,1,4.6,single,1,,,,Pass,single,1,2025-02-06,single,1,NDS 2019,single,1,ODO OASIP,single,1,11/4/2017,single,1,7,single,1,35.8,single,1,41.4,single,1,42.6,single,1,(361) 767-3400,single,1,yes,single,1
CCAHUTX,detention,T DON HUTTO DETENTION CENTER,conflict,48453|48491,"Williamson County, TX|Travis County, TX",TX,"1001 WELCH STREET, TAYLOR, TX 76574",converged,3,268,single,1,42,single,1,78.2,single,1,57.3,single,1,445.5,single,1,CDF,conflict,2,JFRMU,single,1,36.7,single,1,512,single,1,5,single,1,WILLIAMSON,single,1,DHD,single,1,FAMILY,single,1,0,single,1,0,single,1,SNA,converged,3,4/13/1998,single,1,Male,single,1,461,converged,2,yes,single,1,51.9,single,1,44.4,single,1,62.8,single,1,,,,Pass,single,1,2024-12-19,single,1,PBNDS 2011 - 2016 Revisions,single,1,ODO,single,1,11/4/2017,single,1,106.4,single,1,339.1,single,1,280.4,single,1,286.4,single,1,(512) 218-2400,single,1,no,single,1
CHCNLTX,detention,COMP HLTH SVC-CASA NORMA LINDA,single,48061,"Cameron County, TX",TX,"Los Fresnos, TX 78566",single,1,,,,,,,,,,,,,,,,Other,single,1,,,,,,,,,,5,single,1,Cameron,single,1,,,,HEALTH,single,1,,,,,,,SNA,single,1,,,,,,,,,,no,single,1,,,,,,,,,,Port Isabel Immigration Court (co-located — same ZIP),single,1,,,,,,,,,,,,,,,,,,,,,,,,,,,,,,,,,
CHSLFTX,detention,COMPREHENSIVE HLTH SVC-LOS FRESNOS,single,48061,"Cameron County, TX",TX,"Los Fresnos, TX 78566",single,1,,,,,,,,,,,,,,,,Other,single,1,,,,,,,,,,5,single,1,Cameron,single,1,,,,HEALTH,single,1,,,,,,,SNA,single,1,,,,,,,,,,no,single,1,,,,,,,,,,Port Isabel Immigration Court (co-located — same ZIP),single,1,,,,,,,,,,,,,,,,,,,,,,,,,,,,,,,,,
COMALTX,detention,COMAL CITY JAIL,single,48091|48187|48209,"Comal County, TX|Guadalupe County, TX|Hays County, TX",TX,"C/O JAIL ADMINISTRATOR, NEW BRAUNFELS, TX 78130",single,1,,,,,,,,,,,,,,,,IGSA,single,1,DMCP,single,1,,,,,,,5,single,1,COMAL,single,1,SNA,single,1,,,,,,,,,,SNA,single,1,7/1/1991,single,1,,,,,,,no,single,1,,,,,,,,,,,,,,,,,,,,,,,,,7/10/2008,single,1,,,,,,,,,,,,,,,,yes,single,1
COOKETX,detention,COOKE COUNTY JAIL,single,48097|48181,"Cooke County, TX|Grayson County, TX",TX,"301 SOUTH CHESTNUT ST, GAINSVILLE, TX 76240",single,1,,,,,,,,,,,,,,,,IGSA,single,1,DMCP,single,1,,,,,,,5,single,1,COOKE,single,1,DAL,single,1,,,,,,,,,,DAL,single,1,10/2/1989,single,1,,,,,,,,,,,,,,,,,,,,,,,,,,,,,,,,,,10/30/1991,single,1,,,,,,,,,,,,,,,,yes,single,1
CORTYTX,detention,CORYELL COUNTY JAIL,single,48027|48035|48099|48281,"Coryell County, TX|Bell County, TX|Lampasas County, TX|Bosque County, TX",TX,"COUNTY SHERIFF, COPPERAS COVE, TX 76528",single,1,,,,,,,,,,,,,,,,IGSA,single,1,DMCP,single,1,,,,,,,5,single,1,CORYELL,single,1,SNA,single,1,,,,,,,,,,SNA,single,1,3/5/1999,single,1,,,,,,,,,,,,,,,,,,,,,,,,,,,,,,,,,,12/25/2006,single,1,,,,,,,,,,,,,,,,yes,single,1
CRYCCTX,detention,CRYSTAL CITY CORRECTIONAL CENTER,single,48127|48507,"Zavala County, TX|Dimmit County, TX",TX,"6901 N HIGHWAY 83, CRYSTAL CITY, TX 78839",single,1,,,,,,,,,,,,,,,,USMS IGA,single,1,DMCP,single,1,,,,350,single,1,5,single,1,ZAVALA,single,1,SNA,single,1,,,,,,,,,,SNA,single,1,12/20/1998,single,1,,,,,,,yes,single,1,,,,,,,,,,,,,,,,,,,,,,,,,1/5/2014,single,1,,,,,,,,,,,,,,,,yes,single,1
CULBETX,detention,CULBERSON COUNTY,single,48109,"Culberson County, TX",TX,"301 LA CAVERNA, VAN HORN, TX 79855",single,1,,,,,,,,,,,,,,,,IGSA,single,1,DMCP,single,1,,,,,,,5,single,1,CULBERSON,single,1,,,,,,,,,,,,,ELP,single,1,,,,,,,,,,no,single,1,,,,,,,,,,,,,,,,,,,,,,,,,,,,,,,,,,,,,,,,,,,yes,single,1
DALCOTX,detention,DALLAS COUNTY JAIL - LEW STERRETT JUSTICE CENTER,single,48113,"Dallas County, TX",TX,"111 WEST COMMERCE STREET, DALLAS, TX 75202",single,1,,,,,,,,,,,,,,,,USMS IGA,single,1,DMCP,single,1,,,,,,,5,single,1,DALLAS,single,1,DAL,single,1,,,,,,,,,,DAL,single,1,5/7/1990,single,1,,,,,,,no,single,1,,,,,,,,,,,,,,,,,,,,,,,,,11/4/2017,single,1,,,,,,,,,,,,,,,,yes,single,1
DALHOLD,detention,DALLAS FIELD OFFICE HOLD ROOM,single,48113,"Dallas County, TX",TX,"8101 N STEMMONS FWY, DALLAS, TX 75247",single,1,,,,,,,,,,,,,,,,Other,single,1,DMCP,single,1,,,,,,,5,single,1,DALLAS,single,1,DAL,single,1,HOLD,single,1,,,,,,,DAL,single,1,2/26/1997,single,1,,,,,,,no,single,1,,,,,,,,,,,,,,,,,,,,,,,,,9/25/2017,single,1,,,,,,,,,,,,,,,,yes,single,1
DENTOTX,detention,DENTON COUNTY JAIL,single,48121,"Denton County, TX",TX,"127 NORTH WOODROW LANE, DENTON, TX 76205",single,1,,,,,,,,,,,,,,,,IGSA,single,1,DMCP,single,1,,,,,,,5,single,1,DENTON,single,1,DAL,single,1,,,,,,,,,,DAL,single,1,4/21/1995,single,1,,,,,,,,,,,,,,,,,,,,,,,,,,,,,,,,,,8/18/2004,single,1,,,,,,,,,,,,,,,,yes,single,1
DICKETX,detention,DICKENS COUNTY DETENTION,single,48107|48125,"Dickens County, TX|Crosby County, TX",TX,"100 AIRPORT RD., SPUR, TX 79370",single,1,,,,,,,,,,,,,,,,IGSA,single,1,DMCP,single,1,,,,,,,5,single,1,DICKENS,single,1,DAL,single,1,,,,,,,,,,DAL,single,1,7/6/2004,single,1,,,,,,,yes,single,1,,,,,,,,,,,,,,,,,,,,,,,,,3/28/2007,single,1,,,,,,,,,,,,,,,,yes,single,1
DLRHOLD,detention,DEL RIO HOLD ROOM,single,48137|48465,"Val Verde County, TX|Edwards County, TX",TX,"2401 DODSON AVENUE, DEL RIO, TX 78840",single,1,,,,,,,,,,,,,,,,Other,single,1,DMCP,single,1,,,,,,,5,single,1,VAL VERDE,single,1,SNA,single,1,HOLD,single,1,,,,,,,SNA,single,1,7/1/2013,single,1,,,,,,,no,single,1,,,,,,,,,,,,,,,,,,,,,,,,,10/30/2017,single,1,,,,,,,,,,,,,,,,yes,single,1
DVHOSTX,detention,DOLLY VINSANT,single,48061,"Cameron County, TX",TX,"400 HWY 77 WEST, SAN BENITO, TX 78586",single,1,,,,,,,,,,,,,,,,Other,single,1,OTHER,single,1,,,,,,,5,single,1,CAMERON,single,1,PIC,single,1,HOSPITAL,single,1,,,,,,,SNA,single,1,7/26/1996,single,1,,,,,,,,,,,,,,,,,,,,,,,,,,,,,,,,,,10/16/2005,single,1,,,,,,,,,,,,,,,,no,single,1
ECTORTX,detention,ECTOR COUNTY CORRECTION CENTER,single,48135,"Ector County, TX",TX,"2500 SOUTH HIGHWAY 385, ODESSA, TX 79761",single,1,,,,,,,,,,,,,,,,IGSA,single,1,DMCP,single,1,,,,,,,5,single,1,ECTOR,single,1,ELP,single,1,,,,,,,,,,ELP,single,1,12/26/2002,single,1,,,,,,,no,single,1,,,,,,,,,,,,,,,,,,,,,,,,,4/9/2011,single,1,,,,,,,,,,,,,,,,yes,single,1
EDCHOLD,detention,EDEN HOLD ROOM,single,48095|48327,"Concho County, TX|Menard County, TX",TX,"HIGHWAY 87 EAST, EDEN, TX 76837",single,1,,,,,,,,,,,,,,,,Other,single,1,DMCP,single,1,,,,,,,5,single,1,CONCHO,single,1,EDC,single,1,HOLD,single,1,,,,,,,DAL,single,1,4/11/2013,single,1,,,,,,,no,single,1,,,,,,,,,,,,,,,,,,,,,,,,,9/22/2013,single,1,,,,,,,,,,,,,,,,yes,single,1
EDENDTX,detention,Eden Detention Center,converged,48095|48327,"Concho County, TX|Menard County, TX",TX,"704 E Broadway Street, Eden, TX 76837",conflict,2,,,,,,,,,,,,,,,,BOP,single,1,BOP,single,1,,,,,,,5,single,1,CONCHO,single,1,EDC,single,1,,,,,,,,,,DAL,conflict,2,11/15/1991,single,1,,,,,,,,,,,,,,,,,,,,,,,,,,,,,,,,,,2/23/2010,single,1,,,,,,,,,,,,,,,,no,single,1
EDNDCTX,detention,EDEN DETENTION CTR,converged,48095|48327,"Concho County, TX|Menard County, TX",TX,"702 E BROADWAY ST, EDEN, TX 76837",conflict,2,457.6,single,1,67.1,single,1,7.4,single,1,1.5,single,1,533.6,single,1,USMS IGA,converged,2,,,,35.4,single,1,,,,5,single,1,Concho,single,1,,,,,,,0,single,1,0,single,1,DAL,converged,2,,,,Male,single,1,,,,yes,single,1,12.2,single,1,18.7,single,1,40.5,single,1,,,,Pass,single,1,2025-02-27,single,1,NDS 2019,single,1,ODO,single,1,,,,46.3,single,1,487.3,single,1,311.3,single,1,462.1,single,1,,,,,,
EHDLGTX,detention,EAST HIDALGO DETENTION CENTER,converged,48215,"Hidalgo County, TX",TX,"1330 HIGHWAY 107, LA VILLA, TX 78562",conflict,3,0.5,single,1,0.7,single,1,0.9,single,1,0.6,single,1,2.7,single,1,USMS IGA,converged,2,DMCP,single,1,2.4,single,1,100,single,1,5,single,1,HIDALGO,single,1,HLG,single,1,,,,0.1,single,1,0,single,1,HLG,conflict,3,3/23/2011,single,1,Female/Male,single,1,,,,yes,single,1,1.7,single,1,0.7,single,1,0.2,single,1,,,,Pass,single,1,2025-05-22,single,1,NDS 2019,single,1,ODO OASIP,single,1,11/4/2017,single,1,2.5,single,1,0.1,single,1,2.6,single,1,0.1,single,1,(956) 262-4142,single,1,yes,single,1
ELPCOTX,detention,EL PASO COUNTY JAIL (TEXAS),single,48141,"El Paso County, TX",TX,"P.O. BOX 125, EL PASO, TX 79925",single,1,,,,,,,,,,,,,,,,IGSA,single,1,DMCP,single,1,,,,,,,5,single,1,EL PASO,single,1,VRK,single,1,,,,,,,,,,ELP,single,1,11/19/1986,single,1,,,,,,,no,single,1,,,,,,,,,,El Paso SPC Immigration Court (co-located — same ZIP),single,1,,,,,,,,,,,,,12/15/2003,single,1,,,,,,,,,,,,,,,,yes,single,1
ELPHOLD,detention,EL PASO SERVICE PROCESSING CENTER,conflict,48141,"El Paso County, TX",TX,"8915 MONTANA AVE., EL PASO, TX 79925",conflict,3,409.4,single,1,133.5,single,1,156.8,single,1,99.9,single,1,799.6,single,1,SPC,conflict,2,DMCP,single,1,52,single,1,,,,5,single,1,EL PASO,single,1,EPC,single,1,HOLD,single,1,42.2,single,1,176.3,single,1,ELP,converged,3,11/25/2014,single,1,Female/Male,single,1,450,single,1,no,single,1,119.9,single,1,57,single,1,88.5,single,1,El Paso SPC Immigration Court (co-located — same ZIP),single,1,Pass,single,1,2025-02-13,single,1,PBNDS 2011 - 2016 Revisions,single,1,ODO,single,1,11/4/2017,single,1,191.6,single,1,389.4,single,1,339.2,single,1,534.1,single,1,(915) 225-0700,single,1,yes,single,1
ELVDFTX,detention,EL VALLE DETENTION FACILITY,converged,48489,"Willacy County, TX",TX,"1800 INDUSTRIAL DRIVE, RAYMONDVILLE, TX 78580",converged,3,694.8,single,1,85.6,single,1,78,single,1,64.4,single,1,922.8,single,1,DIGSA,conflict,2,,,,42.8,single,1,660,single,1,5,single,1,Willacy,single,1,,,,,,,25.9,single,1,339.7,single,1,HLG,conflict,3,,,,Female/Male,single,1,600,conflict,2,yes,single,1,96,single,1,48.7,single,1,60.4,single,1,,,,Pass,single,1,2025-03-06,single,1,PBNDS 2011 - 2016 Revisions,single,1,ODO,single,1,,,,140.9,single,1,416.3,single,1,593.7,single,1,717.7,single,1,(956) 689-9999,single,1,,,
EPBHSTX,detention,EL PASO BEHAVIORAL HEALTH SYSTEM,single,48141,"El Paso County, TX",TX,"El Paso, TX 79902",single,1,,,,,,,,,,,,,,,,Other,single,1,,,,,,,,,,5,single,1,El Paso,single,1,,,,HEALTH,single,1,,,,,,,ELP,single,1,,,,,,,,,,no,single,1,,,,,,,,,,,,,,,,,,,,,,,,,,,,,,,,,,,,,,,,,,,,,
EPC,detention,EL PASO SERVICE PROCESSING CENTER,single,48141,"El Paso County, TX",TX,"8915 MONTANA AVE., EL PASO, TX 79925",single,1,,,,,,,,,,,,,,,,SPC,single,1,DMCP,single,1,,,,840,single,1,5,single,1,EL PASO,single,1,EPC,single,1,,,,,,,,,,ELP,single,1,4/4/1984,single,1,,,,600,single,1,yes,single,1,,,,,,,,,,El Paso SPC Immigration Court (co-located — same ZIP),single,1,,,,,,,,,,,,,11/4/2017,single,1,,,,,,,,,,,,,,,,yes,single,1
EPCJUVI,detention,EL PASO JUVENILE,single,48141,"El Paso County, TX",TX,"8915 MONTANA ST., EL PASO, TX 79925",single,1,,,,,,,,,,,,,,,,Other,single,1,JFRMU,single,1,,,,,,,5,single,1,EL PASO,single,1,EPC,single,1,HOLD,single,1,,,,,,,ELP,single,1,10/27/1998,single,1,,,,,,,,,,,,,,,,,,,El Paso SPC Immigration Court (co-located — same ZIP),single,1,,,,,,,,,,,,,11/4/2017,single,1,,,,,,,,,,,,,,,,no,single,1
EULESTX,detention,EULESS CITY JAIL,single,48439,"Tarrant County, TX",TX,"1102 W. EULESS BLVD., EULESS, TX 76040",single,1,,,,,,,,,,,,,,,,IGSA,single,1,DMCP,single,1,,,,,,,5,single,1,TARRANT,single,1,DAL,single,1,,,,,,,,,,DAL,single,1,8/27/1988,single,1,,,,,,,no,single,1,,,,,,,,,,,,,,,,,,,,,,,,,11/4/2017,single,1,,,,,,,,,,,,,,,,yes,single,1
FAYETTX,detention,FAYETTE COUNTY JAIL,single,48149|48287,"Fayette County, TX|Lee County, TX",TX,"C/O SHERIFF, LA GRANGE, TX 78945",single,1,,,,,,,,,,,,,,,,IGSA,single,1,DMCP,single,1,,,,,,,5,single,1,FAYETTE,single,1,SNA,single,1,,,,,,,,,,SNA,single,1,2/22/2007,single,1,,,,,,,,,,,,,,,,,,,,,,,,,,,,,,,,,,2/22/2007,single,1,,,,,,,,,,,,,,,,yes,single,1
FREESTX,detention,FREESTONE COUNTY JAIL,single,48161,"Freestone County, TX",TX,"PO DRAWER 47, FAIRFIELD, TX 75840",single,1,,,,,,,,,,,,,,,,IGSA,single,1,DMCP,single,1,,,,,,,5,single,1,FREESTONE,single,1,SNA,single,1,,,,,,,,,,SNA,single,1,3/16/2004,single,1,,,,,,,,,,,,,,,,,,,,,,,,,,,,,,,,,,1/25/2006,single,1,,,,,,,,,,,,,,,,yes,single,1
FRIOCTX,detention,FRIO COUNTY JAIL,single,48163|48507,"Frio County, TX|Zavala County, TX",TX,"C/O SHERIFF, PEARSALL, TX 78061",single,1,,,,,,,,,,,,,,,,IGSA,single,1,DMCP,single,1,,,,,,,5,single,1,FRIO,single,1,SNA,single,1,,,,,,,,,,SNA,single,1,1/6/1999,single,1,,,,,,,yes,single,1,,,,,,,,,,Pearsall Immigration Court (co-located — same ZIP),single,1,,,,,,,,,,,,,7/8/2008,single,1,,,,,,,,,,,,,,,,yes,single,1
FTBENTX,detention,FORT BEND COUNTY JAIL,single,48157,"Fort Bend County, TX",TX,"1410 RANSOM ROAD, RICHMOND, TX 77469",single,1,,,,,,,,,,,,,,,,IGSA,single,1,DMCP,single,1,,,,,,,5,single,1,FT. BEND,single,1,HOU,single,1,,,,,,,,,,HOU,single,1,10/28/1997,single,1,,,,,,,,,,,,,,,,,,,,,,,,,,,,,,,,,,10/1/2002,single,1,,,,,,,,,,,,,,,,yes,single,1
GILLITX,detention,GILLISPIE CITY JAIL,single,48171|48259|48265|48299|48319,"Gillespie County, TX|Kendall County, TX|Kerr County, TX|Llano County, TX|Mason County, TX",TX,"JAIL ADMINISTRATOR, FREDERICKSBURG, TX 78624",single,1,,,,,,,,,,,,,,,,IGSA,single,1,DMCP,single,1,,,,,,,5,single,1,GILLESPIE,single,1,SNA,single,1,,,,,,,,,,SNA,single,1,10/18/2001,single,1,,,,,,,,,,,,,,,,,,,,,,,,,,,,,,,,,,9/20/2007,single,1,,,,,,,,,,,,,,,,yes,single,1
GONZATX,detention,GONZALES COUNTY JAIL,single,48123|48177,"Gonzales County, TX|DeWitt County, TX",TX,"C/O SHERIFF, GONZALEZ, TX 78629",single,1,,,,,,,,,,,,,,,,IGSA,single,1,DMCP,single,1,,,,,,,5,single,1,GONZALES,single,1,SNA,single,1,,,,,,,,,,SNA,single,1,3/9/2003,single,1,,,,,,,,,,,,,,,,,,,,,,,,,,,,,,,,,,7/24/2007,single,1,,,,,,,,,,,,,,,,yes,single,1
GREGGTX,detention,GREGG COUNTY JAIL,single,48183|48203,"Gregg County, TX|Harrison County, TX",TX,"101 E. METHVIN STREET, LONGVIEW, TX 75601",single,1,,,,,,,,,,,,,,,,USMS IGA,single,1,DMCP,single,1,,,,,,,5,single,1,GREGG,single,1,DAL,single,1,,,,,,,,,,DAL,single,1,,,,,,,,,,no,single,1,,,,,,,,,,,,,,,,,,,,,,,,,,,,,,,,,,,,,,,,,,,yes,single,1
GRIMETX,detention,GRIMES COUNTY SHERIFFS DEPARTMENT,single,48185,"Grimes County, TX",TX,"382 FM 149 WEST, ANDERSON, TX 77830",single,1,,,,,,,,,,,,,,,,IGSA,single,1,DMCP,single,1,,,,,,,5,single,1,GRIMES,single,1,HOU,single,1,,,,,,,,,,HOU,single,1,1/9/2003,single,1,,,,,,,no,single,1,,,,,,,,,,,,,,,,,,,,,,,,,1/22/2006,single,1,,,,,,,,,,,,,,,,yes,single,1
GUADATX,detention,GUADALUPE CITY JAIL,single,48187,"Guadalupe County, TX",TX,"C/O COUNTY SHERIFF, SEGUIN, TX 78155",single,1,,,,,,,,,,,,,,,,IGSA,single,1,DMCP,single,1,,,,,,,5,single,1,GUADALUPE,single,1,SNA,single,1,,,,,,,,,,SNA,single,1,5/28/1999,single,1,,,,,,,no,single,1,,,,,,,,,,,,,,,,,,,,,,,,,2/16/2009,single,1,,,,,,,,,,,,,,,,yes,single,1
HAJUVTX,detention,HAYS COUNTY JUVENILE CENTER,single,48055|48091|48187|48209,"Hays County, TX|Guadalupe County, TX|Caldwell County, TX|Comal County, TX",TX,"2250 CLOVIS R BARKER ROAD, SAN MARCOS, TX 78666",single,1,,,,,,,,,,,,,,,,IGSA,single,1,JFRMU,single,1,,,,,,,5,single,1,HAYS,single,1,SNA,single,1,JUVENILE,single,1,,,,,,,SNA,single,1,10/9/2001,single,1,,,,,,,,,,,,,,,,,,,,,,,,,,,,,,,,,,8/28/2003,single,1,,,,,,,,,,,,,,,,no,single,1
HASKLTX,detention,Rolling Plains Detention Center,converged,48207|48253,"Haskell County, TX|Jones County, TX",TX,"118 County Road 206, Haskell, TX 79521",converged,2,,,,,,,,,,,,,,,,IGSA,single,1,DMCP,single,1,,,,525,single,1,5,single,1,HASKELL,single,1,DAL,single,1,,,,,,,,,,DAL,converged,2,6/18/2000,single,1,,,,,,,yes,single,1,,,,,,,,,,,,,,,,,,,,,,,,,3/23/2017,single,1,,,,,,,,,,,,,(214) 905-5829,single,1,yes,single,1
HAYCOTX,detention,HAYS COUNTY JAIL,single,48055|48091|48187|48209,"Hays County, TX|Guadalupe County, TX|Caldwell County, TX|Comal County, TX",TX,"C/O JAIL ADMINISTRATOR, SAN MARCOS, TX 78666",single,1,,,,,,,,,,,,,,,,IGSA,single,1,DMCP,single,1,,,,,,,5,single,1,HAYS,single,1,SNA,single,1,,,,,,,,,,SNA,single,1,11/1/1990,single,1,,,,,,,,,,,,,,,,,,,,,,,,,,,,,,,,,,8/6/2007,single,1,,,,,,,,,,,,,,,,yes,single,1
HCPSYTX,detention,HARRIS COUNTY PSYCHIATRIC CENTER,single,48201,"Harris County, TX",TX,"2800 S MACGREGOR WAY, HOUSTON, TX 77021",single,1,,,,,,,,,,,,,,,,Other,single,1,OTHER,single,1,,,,,,,5,single,1,HARRIS,single,1,,,,HOSPITAL,single,1,,,,,,,HOU,single,1,10/19/2016,single,1,,,,,,,,,,,,,,,,,,,,,,,,,,,,,,,,,,11/4/2017,single,1,,,,,,,,,,,,,,,,no,single,1
HENDETX,detention,HENDERSON COUNTY JAIL,single,48001|48213,"Henderson County, TX|Anderson County, TX",TX,"206 N Murchison St,, Athens, TX 75751",single,1,,,,,,,,,,,,,,,,IGSA,single,1,,,,,,,,,,5,single,1,Henderson,single,1,,,,,,,,,,,,,DAL,single,1,,,,,,,,,,no,single,1,,,,,,,,,,,,,,,,,,,,,,,,,,,,,,,,,,,,,,,,,,,,,
HIDALTX,detention,HIDALGO COUNTY JAIL,single,48215,"Hidalgo County, TX",TX,"3100 SOUTH HWY 281, EDINBURG, TX 78539",single,1,,,,,,,,,,,,,,,,IGSA,single,1,DMCP,single,1,,,,,,,5,single,1,HIDALGO,single,1,HLG,single,1,,,,,,,,,,SNA,single,1,8/8/1988,single,1,,,,,,,no,single,1,,,,,,,,,,,,,,,,,,,,,,,,,10/25/2017,single,1,,,,,,,,,,,,,,,,yes,single,1
HLGHOLD,detention,HARLINGEN HOLD ROOM,single,48061|48489,"Cameron County, TX|Willacy County, TX",TX,"1717 ZOY STREET, HARLINGEN, TX 78550",single,1,,,,,,,,,,,,,,,,Other,single,1,DMCP,single,1,,,,,,,5,single,1,CAMERON,single,1,HLG,single,1,HOLD,single,1,,,,,,,SNA,single,1,5/15/2008,single,1,,,,,,,no,single,1,,,,,,,,,,Harlingen Immigration Court (co-located — same ZIP),single,1,,,,,,,,,,,,,10/30/2017,single,1,,,,,,,,,,,,,,,,yes,single,1
HMCHOTX,detention,HARLINGEN MEDICAL CENTER,single,48061|48489,"Cameron County, TX|Willacy County, TX",TX,"5501 S EXPRESSWAY 71, HARLINGEN, TX 78550",single,1,,,,,,,,,,,,,,,,Other,single,1,OTHER,single,1,,,,,,,5,single,1,CAMERON,single,1,PIC,single,1,HOSPITAL,single,1,,,,,,,SNA,single,1,3/20/1989,single,1,,,,,,,,,,,,,,,,,,,Harlingen Immigration Court (co-located — same ZIP),single,1,,,,,,,,,,,,,11/4/2017,single,1,,,,,,,,,,,,,,,,no,single,1
HOKLYTX,detention,HOCKLEY COUNTY JAIL,single,48079|48219,"Hockley County, TX|Cochran County, TX",TX,"1310 AVENUE H, LEVELLAND, TX 79336",single,1,,,,,,,,,,,,,,,,IGSA,single,1,DMCP,single,1,,,,,,,5,single,1,HOCKLEY,single,1,EPC,single,1,,,,,,,,,,ELP,single,1,,,,,,,,,,,,,,,,,,,,,,,,,,,,,,,,,,,,,,,,,,,,,,,,,,,,,,,yes,single,1
HOUHOLD,detention,HOUSTON FIELD OFFICE HOLD ROOM,single,48201,"Harris County, TX",TX,"5520 GREENS RD., HOUSTON, TX 77032",single,1,,,,,,,,,,,,,,,,Other,single,1,DMCP,single,1,,,,,,,5,single,1,HARRIS,single,1,HOU,single,1,HOLD,single,1,,,,,,,HOU,single,1,11/17/1994,single,1,,,,,,,no,single,1,,,,,,,,,,,,,,,,,,,,,,,,,11/4/2017,single,1,,,,,,,,,,,,,,,,yes,single,1
HOUICDF,detention,HOUSTON CONTRACT DETENTION FACILITY,converged,48201,"Harris County, TX",TX,"15850 EXPORT PLAZA DRIVE, HOUSTON, TX 77032",converged,3,532.9,single,1,200.5,single,1,72.4,single,1,40.1,single,1,845.9,single,1,CDF,converged,2,DMCP,single,1,47.2,single,1,1000,single,1,5,single,1,HARRIS,single,1,HOU,single,1,,,,40.3,single,1,248.1,single,1,HOU,converged,3,7/21/1986,single,1,Female/Male,single,1,750,converged,2,yes,single,1,104.8,single,1,46.4,single,1,64.6,single,1,,,,Pass,single,1,2025-01-30,single,1,PBNDS 2011 - 2016 Revisions,single,1,ODO,single,1,11/4/2017,single,1,148.5,single,1,409,single,1,520.2,single,1,630.1,single,1,(281) 449-1481,single,1,yes,single,1
HPBRGTX,detention,HOPEBRIDGE HOSPITAL,single,48201,"Harris County, TX",TX,"5556 GASSMER DR., HOUSTON, TX 77035",single,1,,,,,,,,,,,,,,,,Other,single,1,OTHER,single,1,,,,,,,5,single,1,HARRIS,single,1,,,,HOSPITAL,single,1,,,,,,,HOU,single,1,5/8/2015,single,1,,,,,,,,,,,,,,,,,,,,,,,,,,,,,,,,,,5/14/2017,single,1,,,,,,,,,,,,,,,,no,single,1
HSF,detention,HARLINGEN STAGING FACILITY,single,48061|48489,"Cameron County, TX|Willacy County, TX",TX,"1102 SOUTH COMMERCE STREET, HARLINGEN, TX 78550",single,1,,,,,,,,,,,,,,,,Other,single,1,DMCP,single,1,,,,,,,5,single,1,CAMERON,single,1,PIC,single,1,STAGING,single,1,,,,,,,SNA,single,1,1/28/2003,single,1,,,,,,,no,single,1,,,,,,,,,,Harlingen Immigration Court (co-located — same ZIP),single,1,,,,,,,,,,,,,4/29/2013,single,1,,,,,,,,,,,,,,,,yes,single,1
HUDSPTX,detention,HUDSPETH COUNTY JAIL,single,48229,"Hudspeth County, TX",TX,"525 NORTH WILSON AVENUE, SIERRA BLANCA, TX 79851",single,1,,,,,,,,,,,,,,,,IGSA,single,1,DMCP,single,1,,,,,,,5,single,1,HUDSPETH,single,1,ELP,single,1,,,,,,,,,,ELP,single,1,4/16/1986,single,1,,,,,,,no,single,1,,,,,,,,,,,,,,,,,,,,,,,,,9/18/2008,single,1,,,,,,,,,,,,,,,,yes,single,1
IAHSFTX,detention,GEORGE BUSH INTERCONTINENTAL,single,48201,"Harris County, TX",TX,"2800 N. TERMINAL ROAD, HOUSTON, TX 77032",single,1,,,,,,,,,,,,,,,,Other,single,1,DMCP,single,1,,,,,,,5,single,1,COUNTY,single,1,HLG,single,1,STAGING,single,1,,,,,,,SNA,single,1,8/2/2014,single,1,,,,,,,no,single,1,,,,,,,,,,,,,,,,,,,,,,,,,9/4/2016,single,1,,,,,,,,,,,,,,,,yes,single,1
ice-dilley-immigration-processing-center,detention,Dilley Immigration Processing Center,single,48163|48283,"Frio County, TX|La Salle County, TX",TX,"300 El Rancho Way, Dilley, TX 78017",single,1,,,,,,,,,,,,,,,,,,,,,,,,,,,,,,,,,,,,,,,,,,,,,,SNA,single,1,,,,,,,,,,,,,,,,,,,,,,,,,,,,,,,,,,,,,,,,,,,,,,,,,,,,(830) 378-6500,single,1,,,
ice-laredo-detention-center,detention,CoreCivic Laredo Processing Center,single,48355,"Nueces County, TX",TX,"4702 East Saunders, Laredo, TX 78401",single,1,,,,,,,,,,,,,,,,,,,,,,,,,,,,,,,,,,,,,,,,,,,,,,HLG,single,1,,,,,,,,,,,,,,,,,,,,,,,,,,,,,,,,,,,,,,,,,,,,,,,,,,,,(956) 615-9720,single,1,,,
IEPHOLD,detention,ERO EL PASO CAMP EAST MONTANA,conflict,48141,"El Paso County, TX",TX,"6920 DIGITAL RD, EL PASO, TX 79936",conflict,3,1673.4,single,1,329,single,1,301.7,single,1,201.2,single,1,2505.3,single,1,CDF,conflict,2,DMCP,single,1,11.2,single,1,,,,5,single,1,EL PASO,single,1,,,,HOLD,single,1,21.8,single,1,228.7,single,1,ELP,converged,3,7/5/2016,single,1,Female/Male,single,1,5000,single,1,no,single,1,243.9,single,1,129,single,1,222.6,single,1,,,,Pass,single,1,2026-02-12,single,1,NDS 2025,single,1,ODO,single,1,10/22/2017,single,1,455.7,single,1,1799.1,single,1,1483.9,single,1,1909.8,single,1,(915) 208-0980,single,1,yes,single,1
JACKSTX,detention,JACKSON COUNTY JAIL,single,48239,"Jackson County, TX",TX,"115 WEST MAIN STREET, EDNA, TX 77957",single,1,,,,,,,,,,,,,,,,IGSA,single,1,DMCP,single,1,,,,,,,5,single,1,JACKSON,single,1,SNA,single,1,,,,,,,,,,SNA,single,1,9/22/1989,single,1,,,,,,,,,,,,,,,,,,,,,,,,,,,,,,,,,,11/14/1998,single,1,,,,,,,,,,,,,,,,yes,single,1
JCRLYTX,detention,JOE CORLEY PROCESSING CTR,converged,48339,"Montgomery County, TX",TX,"500 HILBIG RD, CONROE, TX 77301",converged,2,612.5,single,1,241.7,single,1,43.9,single,1,54.8,single,1,952.9,single,1,IGSA,converged,2,,,,49.2,single,1,,,,5,single,1,Montgomery,single,1,,,,,,,0,single,1,0,single,1,HOU,converged,2,,,,Male,single,1,,,,yes,single,1,68,single,1,44.7,single,1,76.6,single,1,Conroe Immigration Court (co-located — same ZIP),single,1,Pass,single,1,2024-12-19,single,1,NDS 2019,single,1,ODO,single,1,,,,148.3,single,1,804.7,single,1,493.2,single,1,763.7,single,1,,,,,,
JEFFETX,detention,JEFFERSON COUNTY JAIL,single,48245,"Jefferson County, TX",TX,"1001 PEARL STREET, BEAUMONT, TX 77701",single,1,,,,,,,,,,,,,,,,IGSA,single,1,DMCP,single,1,,,,,,,5,single,1,JEFFERSON,single,1,HOU,single,1,,,,,,,,,,HOU,single,1,1/3/2002,single,1,,,,,,,no,single,1,,,,,,,,,,,,,,,,,,,,,,,,,11/5/2009,single,1,,,,,,,,,,,,,,,,yes,single,1
JHRWLTX,detention,JACK HARWELL DETENTION CENTER,single,48309,"McLennan County, TX",TX,"3101 MARLIN HWY, WACO, TX 76705",single,1,,,,,,,,,,,,,,,,USMS IGA,single,1,DMCP,single,1,,,,200,single,1,5,single,1,MCLENNAN,single,1,WCT,single,1,,,,,,,,,,SNA,single,1,4/28/2011,single,1,,,,,,,yes,single,1,,,,,,,,,,,,,,,,,,,,,,,,,11/4/2017,single,1,,,,,,,,,,,,,,,,yes,single,1
JOHNSTX,detention,JOHNSON COUNTY CORRECTIONS CENTER,single,48251,"Johnson County, TX",TX,"1800 RIDGEMAR DRIVE, CLEBURNE, TX 76031",single,1,,,,,,,,,,,,,,,,IGSA,single,1,DMCP,single,1,,,,,,,5,single,1,JOHNSON,single,1,DAL,single,1,,,,,,,,,,DAL,single,1,5/1/1998,single,1,,,,,,,yes,single,1,,,,,,,,,,,,,,,,,,,,,,,,,11/4/2017,single,1,,,,,,,,,,,,,,,,yes,single,1
KARNETX,detention,KARNES COUNTY CORRECTIONAL CENTER,conflict,48013|48255,"Karnes County, TX|Atascosa County, TX",TX,"810 COMMERCE STREET, KARNES CITY, TX 78118",conflict,4,0.1,conflict,2,1.1,conflict,2,0.5,conflict,2,0.7,conflict,2,2.4,conflict,2,USMS IGA,conflict,3,DMCP,single,1,4.1,conflict,2,60,single,1,5,single,1,KARNES,single,1,SNA,single,1,,,,0,conflict,2,0,conflict,2,SNA,converged,4,1/13/1998,single,1,Female/Male,converged,2,928,single,1,yes,single,1,1,converged,2,1.1,conflict,2,0.2,conflict,2,,,,Pass,converged,2,Scheduled FY26,converged,2,ORSA NDS 2019,conflict,2,ORSA,conflict,2,8/24/2017,single,1,2.3,conflict,2,0.1,conflict,2,2.1,conflict,2,0.1,conflict,2,(830) 254-2000,single,1,yes,single,1
KCCDCTX,detention,KARNES COUNTY CIVIL DETENTION CENTER,single,48013|48255,"Karnes County, TX|Atascosa County, TX",TX,"FM 1144 AT US HIGHWAY 181, KARNES CITY, TX 78118",single,1,,,,,,,,,,,,,,,,IGSA,single,1,DMCP,single,1,,,,608,single,1,5,single,1,KARNES,single,1,KCD,single,1,DIGSA,single,1,,,,,,,SNA,single,1,1/1/2012,single,1,,,,480,single,1,yes,single,1,,,,,,,,,,,,,,,,,,,,,,,,,8/5/2014,single,1,,,,,,,,,,,,,,,,yes,single,1
KEJUVTX,detention,KERR COUNTY JUVENILE DETENTION CENTER,single,48019|48171|48265,"Kerr County, TX|Gillespie County, TX|Bandera County, TX",TX,"KERRVILLE JDC, KERRVILLE, TX 78028",single,1,,,,,,,,,,,,,,,,IGSA,single,1,JFRMU,single,1,,,,,,,5,single,1,KERR,single,1,SNA,single,1,JUVENILE,single,1,,,,,,,SNA,single,1,3/4/1998,single,1,,,,,,,,,,,,,,,,,,,,,,,,,,,,,,,,,,7/27/1998,single,1,,,,,,,,,,,,,,,,no,single,1
KENDATX,detention,KENDALL COUNTY JAIL,single,48029|48091|48259,"Kendall County, TX|Bexar County, TX|Comal County, TX",TX,"C/O COUNTY SHERIFF, BOERNE, TX 78006",single,1,,,,,,,,,,,,,,,,IGSA,single,1,DMCP,single,1,,,,,,,5,single,1,KENDALL,single,1,SNA,single,1,,,,,,,,,,SNA,single,1,5/15/1998,single,1,,,,,,,,,,,,,,,,,,,,,,,,,,,,,,,,,,1/25/2007,single,1,,,,,,,,,,,,,,,,yes,single,1
KERCOTX,detention,KERR COUNTY JAIL,single,48019|48171|48265,"Kerr County, TX|Gillespie County, TX|Bandera County, TX",TX,"C/O COUNTY SHERIFF, KERRVILLE, TX 78028",single,1,,,,,,,,,,,,,,,,IGSA,single,1,DMCP,single,1,,,,,,,5,single,1,KERR,single,1,SNA,single,1,,,,,,,,,,SNA,single,1,4/16/1998,single,1,,,,,,,,,,,,,,,,,,,,,,,,,,,,,,,,,,9/9/2007,single,1,,,,,,,,,,,,,,,,yes,single,1
KIMBLTX,detention,KIMBLE COUNTY JAIL,single,48265|48267,"Kimble County, TX|Kerr County, TX",TX,"415 PECAN ST, JUNCTION, TX 76849",single,1,,,,,,,,,,,,,,,,IGSA,single,1,DMCP,single,1,,,,,,,5,single,1,KIMBLE,single,1,SNA,single,1,,,,,,,,,,SNA,single,1,1/30/2007,single,1,,,,,,,,,,,,,,,,,,,,,,,,,,,,,,,,,,1/30/2007,single,1,,,,,,,,,,,,,,,,yes,single,1
KINNETX,detention,KINNEY COUNTY DETENTION CENTER,single,48271,"Kinney County, TX",TX,"109 NORTH STREET, BRACKETTVILLE, TX 78832",single,1,,,,,,,,,,,,,,,,IGSA,single,1,DMCP,single,1,,,,,,,5,single,1,KINNEY,single,1,DLR,single,1,,,,,,,,,,SNA,single,1,3/5/1999,single,1,,,,,,,yes,single,1,,,,,,,,,,,,,,,,,,,,,,,,,11/12/2013,single,1,,,,,,,,,,,,,,,,yes,single,1
KRNRCTX,detention,KARNES COUNTY RESIDENTIAL CENTER,single,48013|48255,"Karnes County, TX|Atascosa County, TX",TX,"FM 1144 AT US HIGHWAY 181, KARNES CITY, TX 78118",single,1,,,,,,,,,,,,,,,,IGSA,single,1,JFRMU,single,1,,,,830,single,1,5,single,1,KARNES,single,1,KCD,single,1,FAMILY,single,1,,,,,,,SNA,single,1,5/30/2014,single,1,,,,830,single,1,yes,single,1,,,,,,,,,,,,,,,,,,,,,,,,,11/4/2017,single,1,,,,,,,,,,,,,,,,no,single,1
LASALTX,detention,LASALLE COUNTY JAIL,single,48127|48163|48283,"La Salle County, TX|Dimmit County, TX|Frio County, TX",TX,"703 N MAIN STREET, COTULLA, TX 78014",single,1,,,,,,,,,,,,,,,,Other,single,1,DMCP,single,1,,,,,,,5,single,1,LA SALLE,single,1,SNA,single,1,,,,,,,,,,SNA,single,1,12/9/1993,single,1,,,,,,,,,,,,,,,,,,,,,,,,,,,,,,,,,,3/30/2014,single,1,,,,,,,,,,,,,,,,yes,single,1
LBKHOLD,detention,LUBBOCK HOLD ROOM,single,48303,"Lubbock County, TX",TX,"1205 TEXAS AVE SUITE 605, LUBBOCK, TX 79401",single,1,,,,,,,,,,,,,,,,Other,single,1,DMCP,single,1,,,,,,,5,single,1,LUBBOCK,single,1,DAL,single,1,HOLD,single,1,,,,,,,DAL,single,1,4/26/2014,single,1,,,,,,,no,single,1,,,,,,,,,,,,,,,,,,,,,,,,,6/2/2017,single,1,,,,,,,,,,,,,,,,yes,single,1
LEECOTX,detention,LEE COUNTY JAIL,single,48021|48149|48287,"Lee County, TX|Fayette County, TX|Bastrop County, TX",TX,"424 SOUTH MAIN STREET, GIDDINS, TX 78942",single,1,,,,,,,,,,,,,,,,IGSA,single,1,DMCP,single,1,,,,,,,5,single,1,GIDDINS,single,1,SNA,single,1,,,,,,,,,,SNA,single,1,,,,,,,,,,,,,,,,,,,,,,,,,,,,,,,,,,,,,,,,,,,,,,,,,,,,,,,yes,single,1
LIMESTX,detention,LIMESTONE COUNTY DETENTION CENTER,converged,48145|48293,"Limestone County, TX|Falls County, TX",TX,"910 NORTH TYUS STREET, GROESBECK, TX 76642",converged,3,184.3,single,1,70.3,single,1,2,single,1,0.8,single,1,257.4,single,1,USMS IGA,converged,2,DMCP,single,1,44,single,1,5,single,1,5,single,1,LIMESTONE,single,1,AUS,single,1,,,,0,single,1,0,single,1,HOU,conflict,3,7/19/1991,single,1,Male,single,1,,,,yes,single,1,8.7,single,1,10.9,single,1,26.5,single,1,,,,Pass,single,1,2025-03-27,single,1,NDS 2019,single,1,ODO,single,1,7/13/2013,single,1,38.6,single,1,218.8,single,1,108.7,single,1,211.3,single,1,(254) 729-2674,single,1,yes,single,1
LRDHOLD,detention,LAREDO PROCESSING CENTER,conflict,48479,"Webb County, TX",TX,"4702 EAST SAUNDERS STREET, LAREDO, TX 78041",conflict,2,307,single,1,19.7,single,1,15.2,single,1,11.1,single,1,353,single,1,DIGSA,conflict,2,DMCP,single,1,54.2,single,1,,,,5,single,1,WEBB,single,1,LRD,single,1,HOLD,single,1,16.8,single,1,334.9,single,1,HLG,conflict,2,5/25/2011,single,1,Female/Male,single,1,,,,no,single,1,6.3,single,1,8.7,single,1,12,single,1,Laredo Immigration Court (co-located — same ZIP),single,1,Pass,single,1,2026-01-15,single,1,NDS 2025,single,1,ODO,single,1,6/12/2017,single,1,0,single,1,1.3,single,1,215.4,single,1,326,single,1,,,,yes,single,1
LRDICDF,detention,LAREDO PROCESSING CENTER,single,48479,"Webb County, TX",TX,"4702 EAST SAUNDERS STREET, LAREDO, TX 78041",single,1,,,,,,,,,,,,,,,,USMS IGA,single,1,DMCP,single,1,,,,400,single,1,5,single,1,WEBB,single,1,LRD,single,1,,,,,,,,,,SNA,single,1,6/20/1983,single,1,,,,,,,yes,single,1,,,,,,,,,,Laredo Immigration Court (co-located — same ZIP),single,1,,,,,,,,,,,,,11/4/2017,single,1,,,,,,,,,,,,,,,,yes,single,1
LSFHOLD,detention,LOS FRESNOS HOLD ROOM,single,48061,"Cameron County, TX",TX,"UNAVAILABLE, LOS FRESNOS, TX 78566",single,1,,,,,,,,,,,,,,,,Other,single,1,DMCP,single,1,,,,,,,5,single,1,CAMERON,single,1,PIC,single,1,HOLD,single,1,,,,,,,SNA,single,1,6/12/2000,single,1,,,,,,,no,single,1,,,,,,,,,,Port Isabel Immigration Court (co-located — same ZIP),single,1,,,,,,,,,,,,,3/15/2016,single,1,,,,,,,,,,,,,,,,yes,single,1
LSRDCTX,detention,LA SALLE COUNTY REGIONAL DETENTION CENTER,converged,48283|48479,"Webb County, TX|La Salle County, TX",TX,"832 EAST TEXAS STATE HIGHWAY 44, ENCINAL, TX 78019",conflict,3,200.4,single,1,11.8,single,1,1.1,single,1,0,single,1,213.3,single,1,USMS IGA,converged,2,DMCP,single,1,53.2,single,1,250,single,1,5,single,1,LA SALLE,single,1,LRD,single,1,,,,0.2,single,1,0.5,single,1,SNA,converged,3,6/10/2011,single,1,Male,single,1,,,,yes,single,1,2.1,single,1,2.4,single,1,18.7,single,1,,,,Pass,single,1,2026-01-08,single,1,FPBDS,single,1,ODO OASIP,single,1,11/4/2017,single,1,16,single,1,196.6,single,1,114.7,single,1,190.1,single,1,(956) 948-5193,single,1,yes,single,1
LUBBOTX,detention,LUBBOCK COUNTY DETENTION CENTER,single,48303,"Lubbock County, TX",TX,"811 MAIN STREET, LUBBOCK, TX 79401",single,1,,,,,,,,,,,,,,,,USMS IGA,single,1,DMCP,single,1,,,,15,single,1,5,single,1,LUBBOCK,single,1,LBK,single,1,,,,,,,,,,DAL,single,1,1/2/2007,single,1,,,,,,,no,single,1,,,,,,,,,,,,,,,,,,,,,,,,,10/30/2017,single,1,,,,,,,,,,,,,,,,yes,single,1
LUFKNTX,detention,LUFKIN POLICE DEPARTMENT,single,48005,"Angelina County, TX",TX,"300 E. SHEPHERD STREET, LUFKIN, TX 75901",single,1,,,,,,,,,,,,,,,,Other,single,1,DMCP,single,1,,,,,,,5,single,1,ANGELINA,single,1,,,,,,,,,,,,,HOU,single,1,,,,,,,,,,,,,,,,,,,,,,,,,,,,,,,,,,,,,,,,,,,,,,,,,,,,,,,yes,single,1
MANSFTX,detention,MANSFIELD LAW ENFORCEMENT CENTER,single,48139|48251|48439,"Tarrant County, TX|Johnson County, TX|Ellis County, TX",TX,"1601 HERITAGE PARKWAY, MANSFIELD, TX 76063",single,1,,,,,,,,,,,,,,,,IGSA,single,1,DMCP,single,1,,,,,,,5,single,1,TARRANT,single,1,KAN,single,1,,,,,,,,,,DAL,single,1,7/24/1998,single,1,,,,,,,,,,,,,,,,,,,,,,,,,,,,,,,,,,2/9/2004,single,1,,,,,,,,,,,,,,,,yes,single,1
MAVERTX,detention,MAVERICK COUNTY JAIL,single,48323,"Maverick County, TX",TX,"1051 BALBOA JONES BOULEVARD, EAGLE PASS, TX 78852",single,1,,,,,,,,,,,,,,,,IGSA,single,1,DMCP,single,1,,,,,,,5,single,1,MAVERICK,single,1,DLR,single,1,,,,,,,,,,SNA,single,1,3/4/1992,single,1,,,,,,,no,single,1,,,,,,,,,,,,,,,,,,,,,,,,,6/15/2015,single,1,,,,,,,,,,,,,,,,yes,single,1
MCCDCTX,detention,MCLENNAN COUNTY DETENTION CENTER,single,48309,"McLennan County, TX",TX,"520 COLUMBUS AVE, WACO, TX 76705",single,1,,,,,,,,,,,,,,,,USMS IGA,single,1,DMCP,single,1,,,,,,,5,single,1,MCLENNAN,single,1,WCT,single,1,,,,,,,,,,SNA,single,1,2/8/2005,single,1,,,,,,,no,single,1,,,,,,,,,,,,,,,,,,,,,,,,,4/10/2011,single,1,,,,,,,,,,,,,,,,yes,single,1
MCCLETX,detention,MCCLELLAN COUNTY JAIL,single,48309,"McLennan County, TX",TX,"501 WASHINGTON AVENUE, WACO, TX 76701",single,1,,,,,,,,,,,,,,,,IGSA,single,1,DMCP,single,1,,,,,,,5,single,1,MCLENNAN,single,1,SNA,single,1,,,,,,,,,,SNA,single,1,7/22/1999,single,1,,,,,,,yes,single,1,,,,,,,,,,,,,,,,,,,,,,,,,5/23/2013,single,1,,,,,,,,,,,,,,,,yes,single,1
MEDINTX,detention,MEDINA COUNTY JAIL,single,48325,"Medina County, TX",TX,"1101 15TH STREET, HONDO, TX 78861",single,1,,,,,,,,,,,,,,,,IGSA,single,1,DMCP,single,1,,,,,,,5,single,1,MEDINA,single,1,SNA,single,1,,,,,,,,,,SNA,single,1,5/13/1993,single,1,,,,,,,,,,,,,,,,,,,,,,,,,,,,,,,,,,3/4/2007,single,1,,,,,,,,,,,,,,,,yes,single,1
MEJUVTX,detention,MEDINA COUNTY JUVENILE CORRECTIONAL,single,48325,"Medina County, TX",TX,"2516 MCHAUGHTEN DR., HONDO, TX 78861",single,1,,,,,,,,,,,,,,,,IGSA,single,1,JFRMU,single,1,,,,,,,5,single,1,MEDINA,single,1,SNA,single,1,JUVENILE,single,1,,,,,,,SNA,single,1,5/18/1993,single,1,,,,,,,,,,,,,,,,,,,,,,,,,,,,,,,,,,2/21/2007,single,1,,,,,,,,,,,,,,,,no,single,1
MIDLATX,detention,MIDLAND COUNTY DETENTION CENTER,single,48329,"Midland County, TX",TX,"115 W. INDUSTRIAL ROAD, MIDLAND, TX 79702",single,1,,,,,,,,,,,,,,,,USMS IGA,single,1,DMCP,single,1,,,,,,,5,single,1,MIDLAND,single,1,EPC,single,1,,,,,,,,,,ELP,single,1,7/7/2011,single,1,,,,,,,no,single,1,,,,,,,,,,,,,,,,,,,,,,,,,10/26/2017,single,1,,,,,,,,,,,,,,,,yes,single,1
MLDHOLD,detention,MIDLAND TX ERO HOLDROOM,single,48329,"Midland County, TX",TX,"400 S. MAIN STREET, MIDLAND, TX 79701",single,1,,,,,,,,,,,,,,,,Other,single,1,DMCP,single,1,,,,,,,5,single,1,MIDLAND,single,1,PCS,single,1,HOLD,single,1,,,,,,,ELP,single,1,2/20/2013,single,1,,,,,,,no,single,1,,,,,,,,,,,,,,,,,,,,,,,,,8/20/2017,single,1,,,,,,,,,,,,,,,,yes,single,1
MONTGTX,detention,Joe Corley Processing Center,conflict,48339,"Montgomery County, TX",TX,"500 Hilbig Road, Conroe, TX 77301",conflict,2,,,,,,,,,,,,,,,,IGSA,single,1,DMCP,single,1,,,,1050,single,1,5,single,1,MONTGOMERY,single,1,HOU,single,1,,,,,,,,,,HOU,converged,2,8/16/2008,single,1,,,,,,,yes,single,1,,,,,,,,,,Conroe Immigration Court (co-located — same ZIP),single,1,,,,,,,,,,,,,11/4/2017,single,1,,,,,,,,,,,,,(936) 520-5000,single,1,yes,single,1
MTGPCTX,detention,MONTGOMERY ICE PROCESSING CENTER,conflict,48339,"Montgomery County, TX",TX,"806 HILBIG RD, CONROE, TX 77301",conflict,3,587.3,single,1,392.5,single,1,145.8,single,1,104.9,single,1,1230.5,single,1,CDF,converged,2,,,,15.6,single,1,,,,5,single,1,Montgomery,single,1,,,,,,,30.3,single,1,297.3,single,1,HOU,converged,3,,,,Male,single,1,750,single,1,yes,single,1,189.1,single,1,82.5,single,1,101.5,single,1,Conroe Immigration Court (co-located — same ZIP),single,1,Pass,single,1,2024-12-05,single,1,PBNDS 2011 - 2016 Revisions,single,1,ODO,single,1,,,,285.5,single,1,617.5,single,1,727.7,single,1,857.5,single,1,(936) 521-4900,single,1,,,
NAVARTX,detention,NAVARRO CO JAIL,single,48349,"Navarro County, TX",TX,"300 WEST 2ND AVENUE, CORSICANA, TX 75110",single,1,,,,,,,,,,,,,,,,IGSA,single,1,DMCP,single,1,,,,,,,5,single,1,NAVARRO,single,1,,,,,,,,,,,,,DAL,single,1,1/4/1990,single,1,,,,,,,yes,single,1,,,,,,,,,,,,,,,,,,,,,,,,,7/4/2002,single,1,,,,,,,,,,,,,,,,yes,single,1
NEWTOTX,detention,NEWTON COUNTY CORRECTIONAL CENTER,single,48241|48351,"Newton County, TX|Jasper County, TX",TX,"ROUTE 1, NEWTON, TX 75966",single,1,,,,,,,,,,,,,,,,IGSA,single,1,DMCP,single,1,,,,,,,5,single,1,NEWTON,single,1,HOU,single,1,,,,,,,,,,HOU,single,1,11/6/1990,single,1,,,,,,,yes,single,1,,,,,,,,,,,,,,,,,,,,,,,,,3/25/2006,single,1,,,,,,,,,,,,,,,,yes,single,1
NIXHCTX,detention,NIX HOME CARE,single,48029|48091|48325,"Bexar County, TX|Comal County, TX|Medina County, TX",TX,"4402 Vance Jackson, suite 140, San Antonio, TX 782390",single,1,,,,,,,,,,,,,,,,Other,single,1,,,,,,,,,,5,single,1,Bexar,single,1,,,,HEALTH,single,1,,,,,,,SNA,single,1,,,,,,,,,,no,single,1,,,,,,,,,,,,,,,,,,,,,,,,,,,,,,,,,,,,,,,,,,,,,
NUECETX,detention,NUECES COUNTY JAIL,single,48355,"Nueces County, TX",TX,"901 LEOPARD STREET, CORPUS CHRISTI, TX 78401",single,1,,,,,,,,,,,,,,,,IGSA,single,1,DMCP,single,1,,,,,,,5,single,1,NUECES,single,1,SNA,single,1,,,,,,,,,,SNA,single,1,12/29/1995,single,1,,,,,,,no,single,1,,,,,,,,,,,,,,,,,,,,,,,,,2/14/2002,single,1,,,,,,,,,,,,,,,,yes,single,1
ODESSTX,detention,ODESSA DETENTION CENTER,single,48135,"Ector County, TX",TX,"205 NORTH GRANT AVENUE, ODESSA, TX 79761",single,1,,,,,,,,,,,,,,,,IGSA,single,1,DMCP,single,1,,,,,,,5,single,1,ECTOR,single,1,EPC,single,1,,,,,,,,,,ELP,single,1,3/26/2002,single,1,,,,,,,no,single,1,,,,,,,,,,,,,,,,,,,,,,,,,12/12/2012,single,1,,,,,,,,,,,,,,,,yes,single,1
PCSHOLD,detention,PECOS HOLD ROOM,single,48389,"Reeves County, TX",TX,"250 EAST PALMER ROAD, PECOS, TX 79772",single,1,,,,,,,,,,,,,,,,Other,single,1,DMCP,single,1,,,,,,,5,single,1,REEVES,single,1,PCS,single,1,HOLD,single,1,,,,,,,ELP,single,1,3/10/2010,single,1,,,,,,,no,single,1,,,,,,,,,,,,,,,,,,,,,,,,,10/2/2017,single,1,,,,,,,,,,,,,,,,yes,single,1
PDNHOLD,detention,PDN HOLD ROOM,single,48141,"El Paso County, TX",TX,"1000 S. EL PASO STREET, EL PASO, TX 79901",single,1,,,,,,,,,,,,,,,,Other,single,1,DMCP,single,1,,,,,,,5,single,1,EL PASO,single,1,EPC,single,1,HOLD,single,1,,,,,,,ELP,single,1,7/13/2012,single,1,,,,,,,no,single,1,,,,,,,,,,El Paso Immigration Court (co-located — same ZIP),single,1,,,,,,,,,,,,,5/17/2013,single,1,,,,,,,,,,,,,,,,yes,single,1
PECOSTX,detention,PECOS CRIMINAL JUSTICE CENTER,single,48389,"Reeves County, TX",TX,"172 WEST RAUL FLOREZ BOULEVARD, PECOS, TX 79772",single,1,,,,,,,,,,,,,,,,IGSA,single,1,DMCP,single,1,,,,,,,5,single,1,REEVES,single,1,EPC,single,1,,,,,,,,,,ELP,single,1,2/28/2008,single,1,,,,,,,,,,,,,,,,,,,,,,,,,,,,,,,,,,6/25/2012,single,1,,,,,,,,,,,,,,,,yes,single,1
PIC,detention,PORT ISABEL SPC,conflict,48061,"Cameron County, TX",TX,"27991 BUENA VISTA BOULEVARD, LOS FRESNOS, TX 78566",conflict,3,1054.7,single,1,84.1,single,1,48.3,single,1,43.5,single,1,1230.6,single,1,SPC,converged,2,DMCP,single,1,7.6,single,1,1175,single,1,5,single,1,CAMERON,single,1,PIC,single,1,,,,1.3,single,1,12.1,single,1,HLG,conflict,3,4/13/1985,single,1,Female/Male,single,1,650,conflict,2,yes,single,1,62.1,single,1,39.6,single,1,84.9,single,1,Port Isabel Immigration Court (co-located — same ZIP),single,1,Pass,single,1,2025-03-27,single,1,PBNDS 2011 - 2016 Revisions,single,1,ODO,single,1,11/4/2017,single,1,133.5,single,1,1083.7,single,1,695.3,single,1,1044,single,1,(956) 547-1700,single,1,yes,single,1
PLMBHTX,detention,PALMS BEHAVIORAL HEALTH,single,48061|48489,"Cameron County, TX|Willacy County, TX",TX,"613 VICTORIA LN, HARLINGEN, TX 78550",single,1,,,,,,,,,,,,,,,,Other,single,1,OTHER,single,1,,,,,,,5,single,1,CAMERON,single,1,,,,HOSPITAL,single,1,,,,,,,SNA,single,1,12/10/2016,single,1,,,,,,,,,,,,,,,,,,,Harlingen Immigration Court (co-located — same ZIP),single,1,,,,,,,,,,,,,12/10/2016,single,1,,,,,,,,,,,,,,,,no,single,1
POLKCTX,detention,IAH SECURE ADULT DETENTION FACILITY (POLK),conflict,48373,"Polk County, TX",TX,"3400 FM 350 SOUTH, LIVINGSTON, TX 77351",converged,3,302.4,single,1,345.5,single,1,161.3,single,1,61.1,single,1,870.3,single,1,DIGSA,conflict,2,DMCP,single,1,69.7,single,1,1054,single,1,5,single,1,POLK,single,1,HOU,single,1,,,,0,single,1,0,single,1,HOU,converged,3,5/16/2006,single,1,Male,single,1,350,single,1,yes,single,1,102.9,single,1,77,single,1,100.9,single,1,,,,Pass,single,1,2025-12-18,single,1,NDS 2025,single,1,ODO,single,1,11/4/2017,single,1,240.4,single,1,629.9,single,1,446.1,single,1,589.5,single,1,(936) 967-1700,single,1,yes,single,1
PRESITX,detention,PRESIDIO COUNTY JAIL,single,48377,"Presidio County, TX",TX,"310 NORTH HIGHLAND STREET, MARFA, TX 79843",single,1,,,,,,,,,,,,,,,,IGSA,single,1,DMCP,single,1,,,,,,,5,single,1,PRESIDIO,single,1,EPC,single,1,,,,,,,,,,ELP,single,1,10/31/1996,single,1,,,,,,,no,single,1,,,,,,,,,,,,,,,,,,,,,,,,,9/17/2011,single,1,,,,,,,,,,,,,,,,yes,single,1
PRLDCTX,detention,PRAIRIELAND DETENTION CENTER,conflict,48251,"Johnson County, TX",TX,"1209 SUNFLOWER LN, ALVARADO, TX 76009",conflict,3,636.5,single,1,102,single,1,130.9,single,1,65.9,single,1,935.3,single,1,DIGSA,conflict,2,DMCP,single,1,19,single,1,707,single,1,5,single,1,JOHNSON,single,1,PRL,single,1,DIGSA,single,1,24.2,single,1,106.4,single,1,DAL,converged,3,1/17/2017,single,1,Female/Male,single,1,525,converged,2,yes,single,1,94.1,single,1,49.3,single,1,75.2,single,1,,,,Pass,single,1,2025-12-18,single,1,NDS 2025,single,1,ODO,single,1,11/4/2017,single,1,137.4,single,1,667.4,single,1,630.5,single,1,716.7,single,1,(817) 409-3995,single,1,yes,single,1
PRLHOLD,detention,PRAIRIELAND SUBOFFICE HOLD ROOM,single,48251,"Johnson County, TX",TX,"1209 SUNFLOWER LN, ALVARADO, TX 76009",single,1,,,,,,,,,,,,,,,,Other,single,1,DMCP,single,1,,,,,,,5,single,1,JOHNSON,single,1,,,,HOLD,single,1,,,,,,,DAL,single,1,,,,,,,,,,no,single,1,,,,,,,,,,,,,,,,,,,,,,,,,,,,,,,,,,,,,,,,,,,yes,single,1
REDETTX,detention,REEVES COUNTY DETENTION,single,48389,"Reeves County, TX",TX,"98 WEST COUNTY ROAD 204, PECOS, TX 79772",single,1,,,,,,,,,,,,,,,,IGSA,single,1,DMCP,single,1,,,,,,,5,single,1,REEVES,single,1,PCS,single,1,,,,,,,,,,ELP,single,1,1/4/2001,single,1,,,,,,,,,,,,,,,,,,,,,,,,,,,,,,,,,,2/16/2011,single,1,,,,,,,,,,,,,,,,yes,single,1
REJAITX,detention,REEVES COUNTY JAIL,single,48389,"Reeves County, TX",TX,"52 COUNTY ROAD 204, PECOS, TX 79772",single,1,,,,,,,,,,,,,,,,IGSA,single,1,DMCP,single,1,,,,,,,5,single,1,REEVES,single,1,EPC,single,1,,,,,,,,,,ELP,single,1,4/19/1990,single,1,,,,,,,no,single,1,,,,,,,,,,,,,,,,,,,,,,,,,6/16/2009,single,1,,,,,,,,,,,,,,,,yes,single,1
REJUVTX,detention,REEVES CO. JUV. DET. CTR.,single,48389,"Reeves County, TX",TX,"98 W COUNTY ROAD 203, PECOS, TX 79772",single,1,,,,,,,,,,,,,,,,IGSA,single,1,DMCP,single,1,,,,,,,5,single,1,REEVES,single,1,EPC,single,1,,,,,,,,,,ELP,single,1,7/12/1996,single,1,,,,,,,,,,,,,,,,,,,,,,,,,,,,,,,,,,7/8/1998,single,1,,,,,,,,,,,,,,,,yes,single,1
RGHOSTX,detention,RIO GRANDE STREET HOSPITAL,single,48061|48489,"Cameron County, TX|Willacy County, TX",TX,"1401 RANGERVILLE RD., HARLINGEN, TX 78550",single,1,,,,,,,,,,,,,,,,Other,single,1,OTHER,single,1,,,,,,,5,single,1,CAMERON,single,1,PIC,single,1,HOSPITAL,single,1,,,,,,,SNA,single,1,10/4/1996,single,1,,,,,,,,,,,,,,,,,,,Harlingen Immigration Court (co-located — same ZIP),single,1,,,,,,,,,,,,,9/26/2016,single,1,,,,,,,,,,,,,,,,no,single,1
RGRNDTX,detention,RIO GRANDE DETENTION CENTER,conflict,48479,"Webb County, TX",TX,"1001 SAN RIO BOULEVARD, LAREDO, TX 78046",conflict,3,573.4,single,1,50.3,single,1,0.5,single,1,0,single,1,624.2,single,1,USMS CDF,conflict,2,DMCP,single,1,57.8,single,1,672,single,1,5,single,1,WEBB,single,1,LRD,single,1,,,,0,single,1,0,single,1,HLG,conflict,3,1/1/2014,single,1,Male,single,1,275,converged,2,yes,single,1,4.9,single,1,13.7,single,1,38.3,single,1,,,,Pass,single,1,2025-01-09,single,1,NDS 2019,single,1,ODO,single,1,11/4/2017,single,1,41.7,single,1,582.5,single,1,374.7,single,1,567.3,single,1,(956) 615-9720,single,1,yes,single,1
RGS,detention,RIO GRANDE VALLEY STAGING,single,48061,"Cameron County, TX",TX,"27991 BUENA VISTA BLVD, LOS FRESNOS, TX 78566",single,1,,,,,,,,,,,,,,,,Other,single,1,DMCP,single,1,,,,,,,5,single,1,CAMERON,single,1,PIC,single,1,STAGING,single,1,,,,,,,SNA,single,1,6/4/2010,single,1,,,,,,,no,single,1,,,,,,,,,,Port Isabel Immigration Court (co-located — same ZIP),single,1,,,,,,,,,,,,,8/3/2017,single,1,,,,,,,,,,,,,,,,yes,single,1
RNDLLTX,detention,RANDALL COUNTY JAIL,single,48011|48375|48381,"Randall County, TX|Potter County, TX|Armstrong County, TX",TX,"9100 SOUTH GEORGIA STREET, AMARILLO, TX 79118",single,1,,,,,,,,,,,,,,,,USMS IGA,single,1,DMCP,single,1,,,,40,single,1,5,single,1,RANDALL,single,1,AMT,single,1,,,,,,,,,,DAL,single,1,5/1/2007,single,1,,,,,,,no,single,1,,,,,,,,,,,,,,,,,,,,,,,,,11/4/2017,single,1,,,,,,,,,,,,,,,,yes,single,1
ROCCOTX,detention,ROCKWALL COUNTY DETENTION CENTER,single,48085|48397,"Rockwall County, TX|Collin County, TX",TX,"950 T.L. TOWNSEND DR, ROCKWALL, TX 75087",single,1,,,,,,,,,,,,,,,,IGSA,single,1,DMCP,single,1,,,,,,,5,single,1,ROCKWALL,single,1,DAL,single,1,,,,,,,,,,DAL,single,1,6/26/1990,single,1,,,,,,,no,single,1,,,,,,,,,,,,,,,,,,,,,,,,,6/25/1991,single,1,,,,,,,,,,,,,,,,yes,single,1
RUNLSTX,detention,RUNNELS COUNTY JAIL,single,48399,"Runnels County, TX",TX,"200 S. HICKORY HILL, BALLINGER, TX 76821",single,1,,,,,,,,,,,,,,,,IGSA,single,1,DMCP,single,1,,,,,,,5,single,1,RUNNELS,single,1,PIC,single,1,,,,,,,,,,SNA,single,1,12/30/2002,single,1,,,,,,,,,,,,,,,,,,,,,,,,,,,,,,,,,,4/29/2004,single,1,,,,,,,,,,,,,,,,yes,single,1
SAGHOLD,detention,SAN ANGELO HOLDROOM,single,48235|48451,"Tom Green County, TX|Irion County, TX",TX,"3197 EXECUTIVE DR, SAN ANGELO, TX 76904",single,1,,,,,,,,,,,,,,,,Other,single,1,DMCP,single,1,,,,,,,5,single,1,TOM GREEN,single,1,,,,HOLD,single,1,,,,,,,DAL,single,1,4/2/2017,single,1,,,,,,,no,single,1,,,,,,,,,,,,,,,,,,,,,,,,,4/2/2017,single,1,,,,,,,,,,,,,,,,yes,single,1
SANPATX,detention,SAN PATRICIO COUNTY JAIL,single,48025|48409,"San Patricio County, TX|Bee County, TX",TX,"300 NORTH RACHAL AVENUE, SINTON, TX 78387",single,1,,,,,,,,,,,,,,,,IGSA,single,1,DMCP,single,1,,,,,,,5,single,1,SAN PATRICIO,single,1,SNA,single,1,,,,,,,,,,SNA,single,1,5/30/1998,single,1,,,,,,,,,,,,,,,,,,,,,,,,,,,,,,,,,,2/2/1999,single,1,,,,,,,,,,,,,,,,yes,single,1
SNAHOLD,detention,SAN ANTONIO DRO HOLD ROOM,single,48029,"Bexar County, TX",TX,"8940 FOURWINDS DRIVE, SAN ANTONIO, TX 78239",single,1,,,,,,,,,,,,,,,,Other,single,1,DMCP,single,1,,,,,,,5,single,1,BEXAR,single,1,SNA,single,1,HOLD,single,1,,,,,,,SNA,single,1,3/23/2010,single,1,,,,,,,no,single,1,,,,,,,,,,,,,,,,,,,,,,,,,10/4/2017,single,1,,,,,,,,,,,,,,,,yes,single,1
STARRTX,detention,STARR COUNTY JAIL,single,48427,"Starr County, TX",TX,"100 E. 6TH ST, RIO GRANDE CITY, TX 78582",single,1,,,,,,,,,,,,,,,,IGSA,single,1,DMCP,single,1,,,,,,,5,single,1,STARR,single,1,PIC,single,1,,,,,,,,,,SNA,single,1,5/6/1987,single,1,,,,,,,,,,,,,,,,,,,,,,,,,,,,,,,,,,11/29/2004,single,1,,,,,,,,,,,,,,,,yes,single,1
STCDFTX,detention,SOUTH TEXAS ICE PROCESSING CENTER,conflict,48163|48507,"Frio County, TX|Zavala County, TX",TX,"566 VETERANS DRIVE, PEARSALL, TX 78061",converged,3,987.2,single,1,300.5,single,1,285.4,single,1,168,single,1,1741.1,single,1,CDF,converged,2,DMCP,single,1,48.4,single,1,1890,single,1,5,single,1,FRIO,single,1,STC,single,1,,,,42.2,single,1,87.4,single,1,SNA,converged,3,6/27/2005,single,1,Female/Male,single,1,1350,converged,2,yes,single,1,157.9,single,1,112.3,single,1,332.2,single,1,Pearsall Immigration Court (co-located — same ZIP),single,1,Pass,single,1,2026-02-12,single,1,PBNDS 2011 - 2016 Revisions,single,1,ODO,single,1,11/4/2017,single,1,443.7,single,1,1167.8,single,1,1045.8,single,1,1138.7,single,1,(210) 231-4505,single,1,yes,single,1
STDHOLD,detention,SOUTH TEXAS/PEARSALL HOLD ROOM,single,48163|48507,"Frio County, TX|Zavala County, TX",TX,"566 VETERAN DRIVE, PEARSALL, TX 78061",single,1,,,,,,,,,,,,,,,,Other,single,1,DMCP,single,1,,,,,,,5,single,1,FRIO,single,1,STC,single,1,HOLD,single,1,,,,,,,SNA,single,1,3/2/2011,single,1,,,,,,,no,single,1,,,,,,,,,,Pearsall Immigration Court (co-located — same ZIP),single,1,,,,,,,,,,,,,10/17/2017,single,1,,,,,,,,,,,,,,,,yes,single,1
STFRCTX,detention,SOUTH TEXAS FAMILY RESIDENTIAL CENTER,single,48163|48283,"Frio County, TX|La Salle County, TX",TX,"1925 WEST HIGHWAY 85, DILLEY, TX 78017",single,1,,,,,,,,,,,,,,,,IGSA,single,1,JFRMU,single,1,,,,2400,single,1,5,single,1,FRIO,single,1,LRD,single,1,FAMILY,single,1,,,,,,,SNA,single,1,12/19/2014,single,1,,,,2400,single,1,yes,single,1,,,,,,,,,,,,,,,,,,,,,,,,,11/4/2017,single,1,,,,,,,,,,,,,,,,no,single,1
STHOSTX,detention,SOUTH TEXAS HOSPITAL,single,48061|48489,"Cameron County, TX|Willacy County, TX",TX,"1301 RANGERVILLE ROAD, HARLINGEN, TX 78550",single,1,,,,,,,,,,,,,,,,Other,single,1,OTHER,single,1,,,,,,,5,single,1,CAMERON,single,1,PIC,single,1,HOSPITAL,single,1,,,,,,,SNA,single,1,8/13/1986,single,1,,,,,,,,,,,,,,,,,,,Harlingen Immigration Court (co-located — same ZIP),single,1,,,,,,,,,,,,,6/29/2003,single,1,,,,,,,,,,,,,,,,no,single,1
TARRATX,detention,TARRANT COUNTY JAIL,single,48439,"Tarrant County, TX",TX,"100 N. LAMAR ST., FT. WORTH, TX 76196",single,1,,,,,,,,,,,,,,,,IGSA,single,1,DMCP,single,1,,,,,,,5,single,1,TARRANT,single,1,DAL,single,1,,,,,,,,,,DAL,single,1,1/4/1996,single,1,,,,,,,,,,,,,,,,,,,,,,,,,,,,,,,,,,2/19/2004,single,1,,,,,,,,,,,,,,,,yes,single,1
TAYLOTX,detention,TAYLOR COUNTY ADULT DETENTION FACILITY,single,48059|48441,"Taylor County, TX|Callahan County, TX",TX,"910 SOUTH 27TH STREET, ABILENE, TX 79602",single,1,,,,,,,,,,,,,,,,IGSA,single,1,DMCP,single,1,,,,,,,5,single,1,TAYLOR,single,1,ABT,single,1,,,,,,,,,,DAL,single,1,3/1/1999,single,1,,,,,,,no,single,1,,,,,,,,,,,,,,,,,,,,,,,,,1/3/2012,single,1,,,,,,,,,,,,,,,,yes,single,1
TGREETX,detention,TOM GREEN COUNTY JAIL,single,48451,"Tom Green County, TX",TX,"122 WEST HARRIS AVENUE, SAN ANGELO, TX 76903",single,1,,,,,,,,,,,,,,,,USMS IGA,single,1,DMCP,single,1,,,,,,,5,single,1,TOM GREEN,single,1,SNA,single,1,,,,,,,,,,DAL,single,1,6/8/2007,single,1,,,,,,,no,single,1,,,,,,,,,,,,,,,,,,,,,,,,,10/12/2017,single,1,,,,,,,,,,,,,,,,yes,single,1
TITUSTX,detention,TITUS COUNTY JAIL,single,48159|48343|48449,"Titus County, TX|Franklin County, TX|Morris County, TX",TX,"304 SOUTH VAN BUREN AVENUE, MT. PLEASANT, TX 75455",single,1,,,,,,,,,,,,,,,,USMS IGA,single,1,DMCP,single,1,,,,10,single,1,5,single,1,TITUS,single,1,DAL,single,1,,,,,,,,,,DAL,single,1,7/26/2017,single,1,,,,,,,no,single,1,,,,,,,,,,,,,,,,,,,,,,,,,10/26/2017,single,1,,,,,,,,,,,,,,,,yes,single,1
TNGLPOE,detention,TORNILLO-GUADALUPE POE,single,48141,"El Paso County, TX",TX,"1400 Lower Island Rd., Tornillo, TX 79853",single,1,,,,,,,,,,,,,,,,Other,single,1,,,,,,,,,,5,single,1,El Paso,single,1,,,,POE,single,1,,,,,,,ELP,single,1,,,,,,,,,,no,single,1,,,,,,,,,,,,,,,,,,,,,,,,,,,,,,,,,,,,,,,,,,,,,
TORHOLD,detention,TORNILLO ADULT HOLD ROOM,single,48141,"El Paso County, TX",TX,"Tornillo, TX 79853",single,1,,,,,,,,,,,,,,,,Other,single,1,,,,,,,,,,5,single,1,El Paso,single,1,,,,HOLD,single,1,,,,,,,ELP,single,1,,,,,,,,,,no,single,1,,,,,,,,,,,,,,,,,,,,,,,,,,,,,,,,,,,,,,,,,,,,,
TRAVITX,detention,TRAVIS CITY JAIL,single,48453,"Travis County, TX",TX,"C/O JAIL ADMINISTRATOR, AUSTIN, TX 78701",single,1,,,,,,,,,,,,,,,,IGSA,single,1,DMCP,single,1,,,,,,,5,single,1,TRAVIS,single,1,AUS,single,1,,,,,,,,,,SNA,single,1,5/5/1992,single,1,,,,,,,no,single,1,,,,,,,,,,,,,,,,,,,,,,,,,9/23/2007,single,1,,,,,,,,,,,,,,,,yes,single,1
TXDCWOM,detention,TDC/WOMENS,single,48027|48035|48099|48281,"Coryell County, TX|Bell County, TX|Lampasas County, TX|Bosque County, TX",TX,"WARDEN PAMELA BAGGETT, GATESVILLE, TX 76528",single,1,,,,,,,,,,,,,,,,IGSA,single,1,DMCP,single,1,,,,,,,5,single,1,CORYELL,single,1,SNA,single,1,,,,,,,,,,SNA,single,1,2/12/2004,single,1,,,,,,,,,,,,,,,,,,,,,,,,,,,,,,,,,,9/12/2007,single,1,,,,,,,,,,,,,,,,yes,single,1
TXDOMIN,detention,TDC-DOMINGUEZ UNIT,single,48029,"Bexar County, TX",TX,"C/O WARDEN, SAN ANTONIO, TX 78252",single,1,,,,,,,,,,,,,,,,IGSA,single,1,DMCP,single,1,,,,,,,5,single,1,BEXAR,single,1,SNA,single,1,,,,,,,,,,SNA,single,1,2/12/2004,single,1,,,,,,,,,,,,,,,,,,,,,,,,,,,,,,,,,,8/2/2007,single,1,,,,,,,,,,,,,,,,yes,single,1
TXHUNTS,detention,HUNTSVILLE STATE PENITENTIARY,single,48471,"Walker County, TX",TX,"HUNTSVILLE UNIT, HUNTSVILLE, TX 77340",single,1,,,,,,,,,,,,,,,,IGSA,single,1,DMCP,single,1,,,,,,,5,single,1,WALKER,single,1,HOU,single,1,,,,,,,,,,HOU,single,1,4/30/1997,single,1,,,,,,,,,,,,,,,,,,,,,,,,,,,,,,,,,,4/30/1997,single,1,,,,,,,,,,,,,,,,yes,single,1
TXSJHAV,detention,THOMAS HAVINS SA (TH/82),single,48049|48333,"Brown County, TX|Mills County, TX",TX,"WARDEN, BROWNWOOD, TX 76801",single,1,,,,,,,,,,,,,,,,IGSA,single,1,DMCP,single,1,,,,,,,5,single,1,BROWN,single,1,SNA,single,1,,,,,,,,,,SNA,single,1,,,,,,,,,,,,,,,,,,,,,,,,,,,,,,,,,,,,,,,,,,,,,,,,,,,,,,,yes,single,1
TXSJWDM,detention,LINDA WOODMANSJF,single,48027|48035|48099|48281,"Coryell County, TX|Bell County, TX|Lampasas County, TX|Bosque County, TX",TX,"WARDEN, GATESVILLE, TX 76528",single,1,,,,,,,,,,,,,,,,IGSA,single,1,DMCP,single,1,,,,,,,5,single,1,CORYELL,single,1,SNA,single,1,,,,,,,,,,SNA,single,1,3/15/2004,single,1,,,,,,,,,,,,,,,,,,,,,,,,,,,,,,,,,,6/4/2007,single,1,,,,,,,,,,,,,,,,yes,single,1
UPSHUTX,detention,UPSHUR COUNTY JAIL,single,48063|48459,"Upshur County, TX|Camp County, TX",TX,"405 N. TITUS, GILMER, TX 75644",single,1,,,,,,,,,,,,,,,,IGSA,single,1,DMCP,single,1,,,,,,,5,single,1,UPSHUR,single,1,DAL,single,1,,,,,,,,,,DAL,single,1,5/15/2000,single,1,,,,,,,,,,,,,,,,,,,,,,,,,,,,,,,,,,9/26/2006,single,1,,,,,,,,,,,,,,,,yes,single,1
USMS3TX,detention,US MARSHALS (SOUTH DISTRICT TEXAS),single,48215,"Hidalgo County, TX",TX,"BENTSEN TOWER 1701 W BUS HWY 83, MCALLEN, TX 78501",single,1,,,,,,,,,,,,,,,,USMS IGA,single,1,DMCP,single,1,,,,,,,5,single,1,HIDALGO,single,1,PIC,single,1,,,,,,,,,,SNA,single,1,6/26/2005,single,1,,,,,,,yes,single,1,,,,,,,,,,,,,,,,,,,,,,,,,5/2/2016,single,1,,,,,,,,,,,,,,,,yes,single,1
USMW1TX,detention,US MARSHALS (WESTERN DISTRICT TEXAS),single,48029,"Bexar County, TX",TX,"655 E. DURANGO BLVD STE 235, SAN ANTONIO, TX 78206",single,1,,,,,,,,,,,,,,,,USMS IGA,single,1,DMCP,single,1,,,,,,,5,single,1,BEXAR,single,1,SNA,single,1,,,,,,,,,,SNA,single,1,3/29/2007,single,1,,,,,,,,,,,,,,,,,,,,,,,,,,,,,,,,,,4/16/2007,single,1,,,,,,,,,,,,,,,,yes,single,1
VALJUTX,detention,VAL VERDE COUNTY JUVENILE,single,48137|48465,"Val Verde County, TX|Edwards County, TX",TX,"200 GRINER, DEL RIO, TX 78840",single,1,,,,,,,,,,,,,,,,IGSA,single,1,JFRMU,single,1,,,,,,,5,single,1,VAL VERDE,single,1,DLR,single,1,JUVENILE,single,1,,,,,,,SNA,single,1,8/19/2010,single,1,,,,,,,,,,,,,,,,,,,,,,,,,,,,,,,,,,2/7/2011,single,1,,,,,,,,,,,,,,,,no,single,1
VALVETX,detention,VAL VERDE CORRECTIONAL FACILITY,converged,48137|48465,"Val Verde County, TX|Edwards County, TX",TX,"253 FARM TO MARKET 2523, DEL RIO, TX 78840",converged,2,0.2,single,1,2.1,single,1,0.3,single,1,0.5,single,1,3.1,single,1,USMS IGA,converged,2,DMCP,single,1,0.6,single,1,,,,5,single,1,VAL VERDE,single,1,DLR,single,1,,,,0.6,single,1,0.2,single,1,SNA,converged,2,2/10/1999,single,1,Female/Male,single,1,,,,no,single,1,0.2,single,1,0.7,single,1,2.1,single,1,,,,Pass,single,1,Scheduled FY27,single,1,NDS 2019,single,1,ODO,single,1,11/4/2017,single,1,1.7,single,1,0.7,single,1,3,single,1,0.1,single,1,,,,yes,single,1
VBHOSTX,detention,VALLEY BAPTIST HOSPITAL,single,48061|48489,"Cameron County, TX|Willacy County, TX",TX,"2101 PEASE ST, HARLINGEN, TX 78550",single,1,,,,,,,,,,,,,,,,Other,single,1,OTHER,single,1,,,,,,,5,single,1,CAMERON,single,1,PIC,single,1,HOSPITAL,single,1,,,,,,,SNA,single,1,3/5/1997,single,1,,,,,,,,,,,,,,,,,,,Harlingen Immigration Court (co-located — same ZIP),single,1,,,,,,,,,,,,,11/4/2017,single,1,,,,,,,,,,,,,,,,no,single,1
VICTOTX,detention,VICTORIA COUNTY JAIL,single,48469,"Victoria County, TX",TX,"101 NORTH GLASS STREET, VICTORIA, TX 77901",single,1,,,,,,,,,,,,,,,,IGSA,single,1,DMCP,single,1,,,,,,,5,single,1,VICTORIA,single,1,,,,,,,,,,,,,HOU,single,1,12/2/1994,single,1,,,,,,,no,single,1,,,,,,,,,,,,,,,,,,,,,,,,,6/24/2001,single,1,,,,,,,,,,,,,,,,yes,single,1
WACLATX,detention,CENTRAL TEXAS DETENTION FACILITY,single,48029,"Bexar County, TX",TX,"218 S. LAREDO ST, SAN ANTONIO, TX 78207",single,1,,,,,,,,,,,,,,,,USMS IGA,single,1,DMCP,single,1,,,,,,,5,single,1,BEXAR,single,1,SNA,single,1,,,,,,,,,,SNA,single,1,4/7/1997,single,1,,,,,,,no,single,1,,,,,,,,,,San Antonio Immigration Court (co-located — same ZIP),single,1,,,,,,,,,,,,,10/24/2017,single,1,,,,,,,,,,,,,,,,yes,single,1
WALKETX,detention,WALKER COUNTY JAIL,single,48407|48455|48471,"Walker County, TX|San Jacinto County, TX|Trinity County, TX",TX,"751 FM 2821 RD W, HUNTSVILLE, TX 77320",single,1,,,,,,,,,,,,,,,,IGSA,single,1,DMCP,single,1,,,,,,,5,single,1,WALKER,single,1,HOU,single,1,,,,,,,,,,HOU,single,1,7/20/1990,single,1,,,,,,,,,,,,,,,,,,,,,,,,,,,,,,,,,,10/2/2002,single,1,,,,,,,,,,,,,,,,yes,single,1
WARCOTX,detention,WARD COUNTY JAIL,single,48475,"Ward County, TX",TX,"300 EAST 4TH, MONAHANS, TX 79756",single,1,,,,,,,,,,,,,,,,USMS IGA,single,1,DMCP,single,1,,,,,,,5,single,1,WARD,single,1,EPC,single,1,,,,,,,,,,ELP,single,1,3/11/1997,single,1,,,,,,,no,single,1,,,,,,,,,,,,,,,,,,,,,,,,,4/3/2015,single,1,,,,,,,,,,,,,,,,yes,single,1
WCCBXTX,detention,BEXAR COUNTY WACKENHUT ANNUAL DETENTION,single,48029,"Bexar County, TX",TX,"1211 WEST TRAVIS STREET, SAN ANTONIO, TX 78207",single,1,,,,,,,,,,,,,,,,USMS IGA,single,1,DMCP,single,1,,,,,,,5,single,1,BEXAR,single,1,SNA,single,1,,,,,,,,,,SNA,single,1,9/30/2007,single,1,,,,,,,yes,single,1,,,,,,,,,,San Antonio Immigration Court (co-located — same ZIP),single,1,,,,,,,,,,,,,9/21/2011,single,1,,,,,,,,,,,,,,,,yes,single,1
WCRDFTX,detention,WILLACY CO  REGIONAL DETENTION FACILITY,single,48489,"Willacy County, TX",TX,"1601 BUFFALO DRIVE, RAYMONDVILLE, TX 78580",single,1,,,,,,,,,,,,,,,,USMS IGA,single,1,DMCP,single,1,,,,,,,5,single,1,WILLACY,single,1,PIC,single,1,,,,,,,,,,SNA,single,1,7/11/2014,single,1,,,,,,,yes,single,1,,,,,,,,,,,,,,,,,,,,,,,,,11/4/2017,single,1,,,,,,,,,,,,,,,,yes,single,1
WCTHOLD,detention,WACO DRO HOLD ROOM,single,48309,"McLennan County, TX",TX,"800 FRANKLIN AVENUE, WACO, TX 76701",single,1,,,,,,,,,,,,,,,,Other,single,1,DMCP,single,1,,,,,,,5,single,1,MCLENNAN,single,1,WCT,single,1,HOLD,single,1,,,,,,,SNA,single,1,9/10/2010,single,1,,,,,,,no,single,1,,,,,,,,,,,,,,,,,,,,,,,,,9/4/2017,single,1,,,,,,,,,,,,,,,,yes,single,1
WEBCOTX,detention,WEBB COUNTY (SHERIFF) JAIL,single,48479,"Webb County, TX",TX,"902 VICTORIA STREET, LAREDO, TX 78040",single,1,,,,,,,,,,,,,,,,IGSA,single,1,DMCP,single,1,,,,,,,5,single,1,WEBB,single,1,SNA,single,1,,,,,,,,,,SNA,single,1,4/1/1988,single,1,,,,,,,yes,single,1,,,,,,,,,,,,,,,,,,,,,,,,,5/20/2007,single,1,,,,,,,,,,,,,,,,yes,single,1
WEBDCTX,detention,CoreCivic Webb County Detention Center,conflict,48479,"Webb County, TX",TX,"9998 S. Highway 83, Laredo, TX 78046",conflict,2,,,,,,,,,,,,,,,,USMS IGA,single,1,DMCP,single,1,,,,,,,5,single,1,WEBB,single,1,LRD,single,1,,,,,,,,,,HLG,conflict,2,11/2/2016,single,1,,,,,,,yes,single,1,,,,,,,,,,,,,,,,,,,,,,,,,11/4/2017,single,1,,,,,,,,,,,,,(956) 615-9720,single,1,yes,single,1
WHARTTX,detention,WHARTON COUNTY JAIL,single,48321|48481,"Wharton County, TX|Matagorda County, TX",TX,"605 EAST CALHOUN STREET, EL CAMPO, TX 77437",single,1,,,,,,,,,,,,,,,,IGSA,single,1,DMCP,single,1,,,,,,,5,single,1,WHARTON,single,1,HOU,single,1,,,,,,,,,,HOU,single,1,7/8/1986,single,1,,,,,,,,,,,,,,,,,,,,,,,,,,,,,,,,,,1/7/2003,single,1,,,,,,,,,,,,,,,,yes,single,1
WILLCTX,detention,WILLACY DETENTION CENTER,single,48489,"Willacy County, TX",TX,"1800 INDUSTRIAL DRIVE, RAYMONDVILLE, TX 78580",single,1,,,,,,,,,,,,,,,,IGSA,single,1,DMCP,single,1,,,,1700,single,1,5,single,1,WILLACY,single,1,WDC,single,1,DIGSA,single,1,,,,,,,SNA,single,1,8/1/2006,single,1,,,,,,,yes,single,1,,,,,,,,,,,,,,,,,,,,,,,,,8/9/2011,single,1,,,,,,,,,,,,,,,,yes,single,1
WILLITX,detention,WILLIAMSON COUNTY JAIL,single,48491,"Williamson County, TX",TX,"306 WEST 4TH STREET, GEORGETOWN, TX 78626",single,1,,,,,,,,,,,,,,,,IGSA,single,1,DMCP,single,1,,,,,,,5,single,1,WILLIAMSON,single,1,SNA,single,1,,,,,,,,,,SNA,single,1,3/30/1999,single,1,,,,,,,no,single,1,,,,,,,,,,,,,,,,,,,,,,,,,10/14/2008,single,1,,,,,,,,,,,,,,,,yes,single,1
WILSOTX,detention,WILSON COUNTY JAIL,single,48013|48493,"Wilson County, TX|Atascosa County, TX",TX,"C/O JAIL ADMINISTRATOR, FLORESVILLE, TX 78114",single,1,,,,,,,,,,,,,,,,IGSA,single,1,DMCP,single,1,,,,,,,5,single,1,WILSON,single,1,SNA,single,1,,,,,,,,,,SNA,single,1,10/3/1997,single,1,,,,,,,,,,,,,,,,,,,,,,,,,,,,,,,,,,9/23/2007,single,1,,,,,,,,,,,,,,,,yes,single,1
WINCOTX,detention,WINKLER COUNTY JAIL,single,48495,"Winkler County, TX",TX,"1300 SOUTH BELLAIRE STREET, KERMIT, TX 79745",single,1,,,,,,,,,,,,,,,,IGSA,single,1,DMCP,single,1,,,,,,,5,single,1,WINKLER,single,1,EPC,single,1,,,,,,,,,,ELP,single,1,7/8/2017,single,1,,,,,,,no,single,1,,,,,,,,,,,,,,,,,,,,,,,,,7/14/2017,single,1,,,,,,,,,,,,,,,,yes,single,1
WOAKSTX,detention,WEST OAKS HOSPITAL,single,48201,"Harris County, TX",TX,"3814 UNIVERSITY BOULEVARD, HOUSTON, TX 77005",single,1,,,,,,,,,,,,,,,,Other,single,1,OTHER,single,1,,,,,,,5,single,1,HARRIS,single,1,HOU,single,1,HOSPITAL,single,1,,,,,,,HOU,single,1,8/25/2000,single,1,,,,,,,,,,,,,,,,,,,,,,,,,,,,,,,,,,2/26/2014,single,1,,,,,,,,,,,,,,,,no,single,1
WTXDFTX,detention,WEST TEXAS DETENTION FACILITY,single,48229,"Hudspeth County, TX",TX,"401 S. VAQUERO AVE., SIERRA BLANCA, TX 79851",single,1,,,,,,,,,,,,,,,,USMS IGA,single,1,DMCP,single,1,,,,450,single,1,5,single,1,HUDSPETH,single,1,EPC,single,1,,,,,,,,,,ELP,single,1,7/18/2007,single,1,,,,,,,yes,single,1,,,,,,,,,,,,,,,,,,,,,,,,,11/4/2017,single,1,,,,,,,,,,,,,,,,yes,single,1
ZAPCOTX,detention,ZAPATA COUNTY JAIL,single,48505,"Zapata County, TX",TX,"2311 STOP 23A, ZAPATA, TX 78076",single,1,,,,,,,,,,,,,,,,IGSA,single,1,DMCP,single,1,,,,,,,5,single,1,ZAPATA,single,1,PIC,single,1,,,,,,,,,,SNA,single,1,5/13/2004,single,1,,,,,,,,,,,,,,,,,,,,,,,,,,,,,,,,,,6/1/2004,single,1,,,,,,,,,,,,,,,,yes,single,1
ZAVCOTX,detention,ZAVALA COUNTY JAIL,single,48127|48507,"Zavala County, TX|Dimmit County, TX",TX,"200 E UVALDE STREET #5, CRYSTAL CITY, TX 78839",single,1,,,,,,,,,,,,,,,,IGSA,single,1,DMCP,single,1,,,,,,,5,single,1,ZAVALA,single,1,DLR,single,1,,,,,,,,,,SNA,single,1,4/9/1992,single,1,,,,,,,,,,,,,,,,,,,,,,,,,,,,,,,,,,11/17/2009,single,1,,,,,,,,,,,,,,,,yes,single,1
